url,year,course_title,language,college,lecturers_urls,lecturers,programmes,text
https://studiegids.universiteitleiden.nl/en/courses/28750,2011-2012,“I sat amidst the ruins”. Introductie tot de omgang met antieke bronnen,Dutch,Humanities,None,['Naerebout'],"['https://studiegids.universiteitleiden.nl/en/studies/1462/griekse-en-latijnse-taal-en-cultuur', 'https://studiegids.universiteitleiden.nl/en/studies/1424/history']","Toegangseisen
Niet van toepassing.
Beschrijving
In deze collegereeks staan de bronnen die specifiek zijn voor de oude geschiedenis, te weten de inscripties, de papyri en archeologische artefacten, inclusief de munten, centraal. Griekse en Latijnse literaire teksten komen zijdelings aan bod. De grondbeginselen van de wetenschappen die zich met de ontsluiting van deze bronnen bezighouden, met name epigrafiek, papyrologie, archeologie en numismatiek, komen aan de orde voorzover historici hier inzicht in moeten hebben teneinde zelfstandig de vereiste bronnenkritiek te kunnen uitoefenen.
 Het gaat in dit college om vaardigheden waar elke oud-historicus over dient te beschikken. Wie zijn of haar weg in de bronnen wil kunnen vinden en deze met vrucht zelfstandig wil kunnen toepassen, dient over enig inzicht in de genoemde wetenschappen te beschikken.
Leerdoelen
Na het volgen van deze collegereeks heeft men voldoende kennis van de grondbeginselen van epigrafiek, papyrologie, archeologie en numismatiek om kritisch met de voor de oude geschiedenis fundamentele bronnenpublicaties op genoemde gebieden om te kunnen gaan.
Rooster
Zie hier
Onderwijsvorm
Hoorcollege.
Toetsing
Door middel van een paper op basis van een individueel literatuuronderzoek.
Blackboard
Er is geen blackboard-ondersteuning; wel een eigen website.
Literatuur
Literatuuropgaven worden tijdens het college verstrekt.
Aanmelden
Zie aanmeldingsprocedure.
Contact
Email: Dhr Dr. F.G. Naerebout."
https://studiegids.universiteitleiden.nl/en/courses/53617,2015-2016,Academische Vorming 1,Dutch,Science,['https://www.universiteitleiden.nl/en/staffmembers/marjo-de-graauw'],"['Dr. J.J. Geerling', 'Dr. M. de Graauw']",['https://studiegids.universiteitleiden.nl/en/studies/4103/bio-pharmaceutical-sciences'],"Beschrijving
Tijdens de leerlijn Academische vorming 1 wordt een start gemaakt met de ontwikkeling van de student tot zelfstandig, nieuwsgierig en kritisch (geneesmiddel)onderzoeker. In deze leerlijn komt een breed spectrum aan vaardigheden aan bod gericht op het ontwerpen en uitvoeren van empirisch onderzoek. Denk daarbij aan zoeken en lezen van wetenschappelijke literatuur, formuleren van een onderzoeksvraag, ontwikkelen van een onderzoeksplan, uitvoeren van een onderzoek, het schrijven van een beknopt onderzoeksverslag en een (literatuur)samenvatting/abstract, het presenteren van een onderzoeksplan en/of onderzoeksresultaten, logisch redeneren en samenwerken. Verder zal tijdens dit vak aandacht besteed worden aan wetenschappelijke integriteit en het competentieprofiel van een (geneesmiddel)onderzoeker, onder andere aan de hand van (zelf)reflectie.
Coordinator
Mw. dr. M. de Graauw
 Mw. dr. J. Geerling
Doelgroep
BFW1
Toegangseisen
Niet van toepassing
Onderwijsvorm
Hoorcolleges, werkgroepen, gesprekken en probleem gestuurd onderwijs (PGO), studieopdrachten
Literatuur

Farmaceutisch Kompas via internet.
Wetenschappelijke literatuur uit vaktijdschriften te vinden via internet na instructie tijdens het vak.

Leerdoelen
Tijdens AV-1 leer je omgaan met wetenschappelijke literatuur, hoe je een onderzoek kunt voorbereiden, effectief samenwerken en jouw werk overbrengen aan anderen en werk van anderen evalueren met focus op:

zoeken en lezen van wetenschappelijke artikelen
omgaan met de empirische cyclus (hoe formuleer je een specifieke onderzoeksvraag, hoe zet je een onderzoek op, etc.)
wetenschappelijk schrijven
mondeling presenteren van wetenschappelijke informatie
geven, ontvangen en verwerken van feedback
reflectie op studieloopbaan en carrièreplanning

Toetsing
Actieve bijdrage, samenwerking, rapportage aan collega-onderzoekers, tussentijdse en eindpresentaties, schriftelijke verslaglegging."
https://studiegids.universiteitleiden.nl/en/courses/27032,2011-2012,Air transport competition law and policy,English,Law,None,"['Prof. Dr. Mendes de Leon, Mr. T. Soames (Brussels), Mr. G. Goeteyn (Brussels) and various guest lecturers']","['https://studiegids.universiteitleiden.nl/en/studies/1139/air-and-space-law-advanced-master-programme', 'https://studiegids.universiteitleiden.nl/en/studies/682/air-and-space-law-advanced-master-programme']","As air transport undertakings are increasingly privatised, corporatised or commercialised, the application of antitrust and competition laws takes on a special significance. This course focuses on EU competition and US antitrust law and policy, while taking into account Competition Law regimes in other parts of the world (pursuant to a comparative analysis and approach). Special attention will be given to attempts to harmonise the application of Competition Law and Policy between the various jurisdictions.
Coordinator
International Institute of Air and Space Law (IIASL)
 Law School, Leiden University
 Steenschuur 25, 2311 ES Leiden, Netherlands
 Postal address: P.O. Box 9520, 2300 RA Leiden, Netherlands
 Phone : +31 71 527 7671
 Fax: +31 71 527 7600
Website: www.iiasl.aero
 Contact: Wouter Oude Alink, w.m.oudealink@law.leidenuniv.nl
Methods of instruction
This course will consist of al limited number of lectures. In order to ascertain students’ knowledge and understanding, the lecturers actively encourage the students to orally present legislation and case law made in the jurisdiction of their choice. In the course practical they have to conduct research independently by examining various sources regarding the subject of their choice. The lecturers also encourage discussions regarding the differences of the EU and US practice in comparison with other jurisdictions.
Course materials
Syllabus and handouts
Examination

For face-to-face students, the course is assessed by means of an oral presentation and a written paper.
Blended learning students will follow the lectures and will then work on assignments to be submitted via internet. No exam is required if an average of 6 is obtained for the assignments.

Course requirements
Master degree in law
Application
Wouter Oude Alink at w.m.oudealink@law.leidenuniv.nl"
https://studiegids.universiteitleiden.nl/en/courses/83833,2018-2019,Academic Skills (Middle Eastern Studies),Dutch,Humanities,None,None,"['https://studiegids.universiteitleiden.nl/en/studies/6759/midden-oostenstudies-islamstudies', 'https://studiegids.universiteitleiden.nl/en/studies/6767/midden-oostenstudies-turks', 'https://studiegids.universiteitleiden.nl/en/studies/6757/middle-eastern-studies-arabic', 'https://studiegids.universiteitleiden.nl/en/studies/6763/middle-eastern-studies-modern-middle-eastern-studies', 'https://studiegids.universiteitleiden.nl/en/studies/6765/middle-eastern-studies-persian', 'https://studiegids.universiteitleiden.nl/en/studies/6761/middle-east-studies-israel-studies']","Toegangseisen
Geen.
Beschrijving
Een serie colleges over academische vaardigheden. De colleges zijn onderverdeeld in vier modules.

Studievaardigheden
Onderzoeksvaardigheden
Schriftelijke presentatievaardigheden
Mondelinge presentatievaardigheden.

De bijeenkomsten uit module: Studievaardigheden en module 2: Onderzoeksvaardigheden maken onderdeel uit van het Mentoraat MOS.
De bijeenkomsten uit de modules Mondelinge presentatievaardigheden en Schriftelijke presentatievaardigheden maken onderdeel uit van Seminar Midden-Oosten 1 in semester 2.
Leerdoelen
Leerdoelen module  Studievaardigheden
 Studenten:

hebben kennis van adequate studiemethoden en leerstrategieën;
hebben kennis van vaardigheden op het gebied van time management, studieplanning en -voorbereiding en tentamenstrategieën;
hebben kennis van de technieken van skimmen en snellezen.
kunnen op efficiënte wijze de belangrijkste elementen, ideeën en gedachten uit vakwetenschappelijke literatuur identificeren;
hebben kennis van de basistechnieken voor het onthouden en reproduceren van feiten en andere kennis.

Leerdoelen module  Onderzoeksvaardigheden
 Studenten:

kunnen een argumentatiestructuur in een betoog herkennen en gebruiken;
kunnen drogredenen herkennen en uitleggen;
zijn in staat vakliteratuur selecteren met behulp van digitale technieken (catalogus bibliotheek, Google Scholar, WorldCat, Web of Science);
kunnen bronnen (boeken, artikelen, websites) beoordelen op wetenschappelijke kwaliteit en betrouwbaarheid met gebruik van bibliothecaire databases en internet-tools;
hebben kennis van het begrip plagiaat en wetenschappelijke integriteit;
hebben inzicht in de verschillende vormen van plagiaat, de noodzaak van verwijzen en het voorkomen van onopzettelijk plagiaat;
zijn in staat op correcte wijze bronnen te gebruiken (citeren, parafraseren, samenvatten).

Leerdoelen module Schriftelijke presentatievaardigheden
 Studenten:

kunnen uitleggen hoe een goed afgebakende en beantwoordbare onderzoeksvraag (incl. deelvragen) geformuleerd kan worden;
weten hoe een academische tekst goed opgebouwd kan worden;
hebben kennis van de eisen die gesteld worden aan een academische (schrijf)stijl , met inbegrip van zinsbouw, de opbouw van een goede alinea;
hebben kennis van verschillende systemen voor verwijzen en zijn in staat de stijl die in hun discipline gangbaar is correct toe te passen;

Leerdoelen module Mondelinge presentatievaardigheden
Studenten:

hebben technieken verworven voor het houden van een mondelinge presentatie;
kunnen een helder en beargumenteerd betoog houden in een wetenschappelijke stijl, met optimaal gebruik van presentatietechnieken;
beschikken over goede spreek- en presentatietechnieken.

Rooster
Collegerooster
 Een volledig overzicht van de bijeenkomsten wordt op Blackboard geplaatst.
Onderwijsvorm
Werkcollege.
Voor werkcolleges geldt een aanwezigheidsverplichting. Studenten dienen actief en goed voorbereid  deel te nemen aan alle werkcolleges. Afwezigheid moet vooraf worden gemeld bij de docent (bijvoorbeeld door onvoorziene omstandigheden, zoals ziekte, familieomstandigheden, problemen met het spoor enz.).  In deze gevallen bepaalt de docent of, en zo ja hoe het gemiste college door een vervangende opdracht kan worden ingehaald. Er mogen maximaal twee colleges worden gemist. Afwezigheid zonder kennisgeving en/of meer dan twee keer kan leiden tot uitsluiting van de tentamen(s) en toekenning van een onvoldoende voor de cursus.
Studielast

Bijwonen colleges module Studievaardigheden: 6uur
(onderdeel van Mentoraat MOS)
Bijwonen colleges module: Onderzoeksvaardigheden: 6 uur
(onderdeel van Mentoraat MOS)
Bijwonen colleges module  Schriftelijke presentatievaardigheden: 6 uur
(onderdeel van cursus Seminar Midden-Oosten 1)
Bijwonen colleges module Schriftelijke presentatievaardigheden: 6 uur
(onderdeel van cursus Seminar Midden-Oosten 1)

De studielasturen worden berekend bij de vakken waaraan de colleges Academische vaardigheden gekoppeld zijn.
Toetsing
De academische vaardigheden komen aan bod binnen de genoemde cursussen uit het eerste jaar en worden op die manier getoetst.
Blackboard
Blackboard wordt gebruikt voor de berichtgeving, algemene cursusinformatie, cursusmateriaal en uitgebreide roosterinformatie.
Literatuur
Het benodigde materiaal wordt op college uitgedeeld of op Blackboard geplaatst.
Aanmelden
Voor het onderdeel Academische Vaardigheden is aanmelding via uSis niet nodig; wel noodzakelijk is aanmelding voor de Blackboardcursus Academische Vaardigheden Midden-Oostenstudies.
Aanmelden Studeren à la carte en Contractonderwijs
N.v.t.
Contact
Opmerkingen
N.v.t."
https://studiegids.universiteitleiden.nl/en/courses/55337,2015-2016,Academisch Ondernemen,Dutch,Honours Academy,['https://www.universiteitleiden.nl/en/staffmembers/ivo-de-nooijer'],"['Ir. S.P. Louwaars', 'Prof.dr. J.W. Kijne', 'Mr.drs. I.W.A. de Nooijer', 'Dr. H. Jousma', 'drs. Ir. M. van der Meij', 'dr. Ir. F. Merx']",['https://studiegids.universiteitleiden.nl/en/studies/8027/honours-classes'],"This information is only available in Dutch.
Inschrijven voor dit vak kan tot 27 januari 2016, via de link bij ‘registratie’.
Beschrijving
Vertaal je bachelor-onderzoek naar een onderzoeksvoorstel waarbij academische en maatschappelijke belangen in worden vertegenwoordigd, en leer zo waar je je allemaal rekening mee moet houden als succesvol wetenschapper. Docenten komen van binnen en buiten de universiteit; ieder college bestaat uit een theoretisch deel, en een praktijkdeel.
In deze Honours Class komen de verschillende aspecten van het wetenschappelijk ‘bedrijf’ aan de orde. Je gaat zelf aan de hand van de vraagstelling voor je bachelorscriptie actief aan de slag. Als wetenschapper communiceer je met veel uiteenlopende groepen: mede-wetenschappers, maar ook ‘het brede publiek’: je wilt hen informeren over jouw onderzoeksresultaten, en het is belangrijk dat je duidelijk maakt waarom jouw onderzoek belangrijk is. Verschillende vaardigheden zijn dan van belang: schrijven, presenteren, omgaan met ‘de media’ etc. Met sommige van deze vaardigheden zul je kennis maken in een (gast)college, met andere, zoals schrijven, ga je zelf aan de slag.
 Om onderzoek te doen, is geld nodig en de hedendaagse wetenschapper moet daarom ook ‘academisch ondernemerschap’ ontwikkelen: subsidies aanvragen en budgetteren zijn daarbij belangrijk.
Programma
Dinsdag 1 maart 2016, 17.00-20.00 uur, zaal Living Lab
 College 1: wetenschappelijk onderzoek en bachelorscriptie
 In dit college ligt de focus bij de verschillende manieren van onderzoek doen/ kennis vergaren in diverse wetenschappelijke domeinen zoals de natuurwetenschappenen de sociale wetenschappen. Ook inter- en transdisciplinair onderzoek komt aan de orde: bij deze laatste vorm van onderzoek wordt kennis ontwikkeld in de context waarin de nieuwe kennis vervolgens wordt toegepast.
 Docent: Emeritus Professor Jan Kijne
Dinsdag 8 maart 2016, 17.00-20.00 uur, zaal Living Lab
 College 2: hoe communiceer je over ‘kenniskapitaal’
 Met de wellicht wat vage term ‘kenniskapitaal’ wordt bedoeld de waardering door de externe wetenschappelijke wereld van de kennis die binnen universiteit en onderzoeksgroep waarin je werkt is gegenereerd. Bewezen kwaliteit vormt als het ware de basis voor het vertrouwen dat toekomstig onderzoek zal worden uitgevoerd in een kwalitatief goede context. Dit ‘verdiend vertrouwen’ speelt een belangrijke rol bij de beoordeling van aanvragen voor subsidie. Er zijn verschillende methoden om wetenschappelijke kwaliteit te meten.
 Docent : drs. ir. Marjoleine van der Meij – FALW Athena Institute
Dinsdag 15 maart 2016, 17.00-21.00 uur, zaal Living Lab
 College 3 (seminar van 4 uur): presentaties van vraagstellingen aan elkaar
 In twee sessies worden de vraagstellingen voor de BA-scripties van de deelnemende studenten door hen gepresenteerd en besproken, mede aan de hand van de verkregen kennis uit college 1 en 2.
 Docent: Ir. S. P. Louwaars
Dinsdag 22 maart 2016, 17.00-20.00 uur, zaal Living Lab
 College 4: Hoe kom je als onderzoeker aan geld om onderzoek te doen?
 Wetenschappers besteden een (fors) deel van hun tijd aan het schrijven van onderzoeksvoorstellen en subsidieaanvragen met het doel financiële middelen te vinden voor de uitvoering van hun onderzoek. Waarop moet je letten als je dit soort aanvragen schrijft? Wat zijn de verschillen tussen diverse subsidieverstrekkers, zoals NWO (Nederlandse Organisatie voor Wetenschappelijk Onderzoek), de Europese Unie of een bedrijf?
 Docent: drs. Ivo de Nooijer
Dinsdag 29 Maart 2016, 17.00-20.00 uur, zaal Living Lab
 College 5: Hoe creëer je maatschappelijke relevantie
 Om onderzoek te doen, is geld nodig en de hedendaagse wetenschapper moet daarom ook ‘academisch ondernemerschap’ ontwikkelen. Steeds vaker is co-financiering door maatschappelijke partijen (overheden, bedrijfsleven, maatschappelijke organisaties) een vereiste om onderzoeksubsidies te verkrijgen. Dat betekent dat onderzoekers potentiële kennisgebruikers moeten overtuigen mee te financieren aan onderzoek
 Docent: dr. Ir. Femke Merx
Dinsdag 5 april 2016, 17.00-20.00 uur, zaal Living Lab
 College 6: wetenschap en bedrijf
 Alvast oefenen in de boardroom en start ups door spannende tijden loodsen. Tijdens dit college krijgen studenten een inkijk in de kunst van het ondernemen. Op een informele, soms confronterend, open en toegankelijk wijze helpt hij studenten bij het maken van keuzes die gericht zijn op toekomstmogelijkheden buiten het wetenschappelijk onderzoek
 Docent: dr. Harmen Jousma
Dinsdag 12 april 2016, 17.00-20.00 uur, zaal Living Lab
 College 7: Tijdens dit college gaan studenten samen aan de slag met de vraag: “hoe kunnen we de universiteit ondernemender maken”. De voorbereidingen en basis die tijdens dit college wordt gelegd, vormt de basis voor de actieve en interactieve sessie die op dinsdag 21 april gegeven zal worden.
 Docent: Ir. S. P. Louwaars, center for Innovation/ Living Lab.
Dinsdag 19 april 2016, 17.00-20.00 uur, zaal Living Lab
 College 8: Het laatste college van deze Honours Class wordt ingevuld door het Center for Innovation, studenten zijn gevraagd om de universiteit ondernemender te maken. Hier gaat de groep zelf een invulling aan geven. Daarnaast zullen we dit laatste college ook gebruiken voor een terugblik/ evaluatie.
 Docent: Ir. S. P. Louwaars, center for Innovation/ Living Lab.
Periode
Dinsdag 1, 8, 15, 22, 29 maart, 5, 12, 19 april – 17:00 – 20:00 uur
Locatie
Campus Den Haag, zaal Living Lab
Beoordelingsmethode
Essay
Maximaal aantal studenten
25
Registratie
Meld je voor 27 januari aan via deze link .
Contact
Ir. Sjoerd Louwaars"
https://studiegids.universiteitleiden.nl/en/courses/32562,2012-2013,Academic Skills 3,Dutch,Social and Behavioural Sciences,"['https://www.universiteitleiden.nl/en/staffmembers/jan-jansen', 'https://www.universiteitleiden.nl/en/staffmembers/ratna-saptari-soetikno-slamet', 'https://www.universiteitleiden.nl/en/staffmembers/lea-zuyderhoudt']","['Dr. J.A.M.M. Jansen', 'Dr. R. Saptari Soetikno Slamet', 'Drs. L.M. Zuyderhoudt MA', 'R.J. Kok MA', 'Dr. J.H.J. Florusbosch', 'C. Rippe']",['https://studiegids.universiteitleiden.nl/en/studies/2002/cultural-anthropology-and-development-sociology'],"This course is only taught in Dutch, so please see the Dutch-version of the course prospectus."
https://studiegids.universiteitleiden.nl/en/courses/26840,2010-2011,Algebra 1,Dutch,Science,None,['Dr. R.M. van Luijk'],['https://studiegids.universiteitleiden.nl/en/studies/999/wiskunde'],"In dit eerste college uit de algebracyclus wordt een aantal onderwerpen uit de Caleidoscoop, zoals gehele getallen, permutaties, symmetriegroepen en restklassen, geabstraheerd en geünificeerd in het begrip ""groep"". Er wordt aandacht geschonken aan toepassingen in de combinatoriek, de vlakke meetkunde, de getaltheorie en de cryptografie.
Behandeld worden: permutaties, vlakke symmetrieën, groepshomomorfismen,
 groepswerkingen, rekenen modulo n, het RSA-cryptosysteem, producten
 en quotiënten van groepen, abelse groepen, Sylowondergroepen.
Werkvorm
 2 uur hoorcollege + 2 uur werkcollege
Tentaminering
 Schriftelijk tentamen plus opdrachten
Literatuur
 syllabus Algebra 1 van P. Stevenhagen
Code TUD
 WI1603
Links
Homepage"
https://studiegids.universiteitleiden.nl/en/courses/68293,2017-2018,Actors in World Politics,English,Social and Behavioural Sciences,['https://www.universiteitleiden.nl/en/staffmembers/francesco-ragazzi'],['Dr. F.P.S.M. Ragazzi'],['https://studiegids.universiteitleiden.nl/en/studies/5255/political-science-international-relations-and-organisations-the-hague'],"Admission requirements
No Admission Requirements
Description
This course introduces students to the study of actors in international relations. Mainstream approaches to international politics have theorized the international as a space composed essentially of states. While addressing the central question of state formation and domination in world politics, this course will give the keys to understand the complexity and diversity of the contemporary international, composed among others, of NGOs, diasporas, pirates, mercenaries, transnational hacktivist and terrorist networks. It will conclude by assessing the possibilities and limits of a cosmopolitan society.
Course objectives
Concise description of the course objectives formulated in terms of knowledge, insight and skills students will have acquired at the end of the course. The relationship between these objectives and achievement levels for the programme should be evident.
At the end of this course, students will posess analytical and critical skills to make sense of state and non-state actors in world politics.
Timetable
Schedule
Mode of instruction
Lecture
Course Load

Attending lectures: 4h x 7 weeks = 28h
Readings for the course: 6h x 7 weeks = 42h

Assessment method
Final exam with multiple choice
First opportunity for written exam: Monday 18 December 2017, 09:00-12:00
Second opportunity for written exam: Friday 26 January 2018, 09:00-12:00
Reading list
TBA
Registration
See Introduction page.
Contact
f.ragazzi@fsw.leidenuniv.nl"
https://studiegids.universiteitleiden.nl/en/courses/101876,2020-2021,Advanced Mandarin: Listening & Speaking 2,Chinese,Humanities,None,['Y. Wang'],"['https://studiegids.universiteitleiden.nl/en/studies/8253/asian-studies-60-ec-east-asian-studies', 'https://studiegids.universiteitleiden.nl/en/studies/8248/asian-studies-research']","Admission requirements
Students admitted to MA Asian Studies (120EC): Chinese Studies and Asian Studies (60 EC): East Asian Studies tracks. The course is taught in Chinese. All students must meet one of the following minimum level of Chinese language proficiency requirements: CEFR level B1, which is roughly equivalent to new HSK 4 (with a test result of minimally 250 points) and TOCFL level 3. This course is designed based on the BA Mandarin program of Chinese Studies at Leiden University, where undergraduates receive approximately 300 contact hours and a 10-week intensive Mandarin training in a Mandarin speaking area (amounting to 60 ec in total). Students are required to be able to read both traditional and simplified characters and to write either of them by hand.
Description
This course is a continuation of “Modern Chinese Listening & Speaking 1”.
The course is designed for the students who can understand a wide variety of subjects in Chinese but find it challenging to understand and speak Chinese in official or formal situations, such as news, TV programs, formal speeches, talks on specific academic topics.
In order to help students develop their listening and speaking skills in their academic fields of study, the selection of course materials is based on students’ academic interests, such as Chinese culture & society, economy, history, and politics. No textbook is used for this course; all materials are selected from a wide range of online resources (TV programs, online news websites, podcasts and so on).
The course includes three components: assignments, class activities, and oral presentations. Students are required to give oral presentations related to their research interests.
Course objectives

Help to improve students’ listening and speaking skills by working with authentic audio/video materials.
Help MA students currently at an advanced-mid level to improve their speaking skills through group discussion and giving oral presentations, with special attention to accuracy, fluency, vocabulary and familiarity with IT resources.
Expected learning outcomes:
Listening: can understand spoken Chinese with/without accents, including topics relating to their academic interests; ability to understand formal and informal Chinese without too much effort; can infer the meanings from the context when encountering new words.
Speaking: can describe concrete as well as abstract ideas with advanced vocabulary and language structures, and ability to do oral presentations in their research field, with special attention to fluency and accuracy.

Timetable
Visit MyTimetable.
Mode of instruction
Seminar
Assessment method

Assignments 20%
Class activities and oral presentations 20%
Final exam 60%
The re-sit exam for the final exam is only available to students whose mark of the final exam is insufficient. The re-sit exam will then make up 100% of the mark.

Reading list
Class materials will be distributed via Brightspace during the term.
Registration
Enrolment through uSis is mandatory.
General information about uSis is available in English and Dutch
Contact
Mrs. Ying-Ting Wang MA
Remarks"
https://studiegids.universiteitleiden.nl/en/courses/108876,2021-2022,Academic Writing and (Re) Presentation,None,Social and Behavioural Sciences,"['https://www.universiteitleiden.nl/en/staffmembers/jan-jansen', 'https://www.universiteitleiden.nl/en/staffmembers/elsa-charlety']","['Dr. J.A.M.M. Jansen', 'E.C. Charlety']","['https://studiegids.universiteitleiden.nl/en/studies/8788/cultural-anthropology-and-development-sociology', 'https://studiegids.universiteitleiden.nl/en/studies/8830/cultural-anthropology-and-development-sociology']","Admission Requirements
The course, ‘Academic Writing and Representation’ is Part I of three courses in Academic Skills that are part of the first year of the CADS bachelor’s programme. Admission to the course is restricted to students who are either enrolled in the CADS bachelor’s programme or have been assigned to the course from a premaster’s programme.
Language of Instruction
Lectures are given in English. Tests are in English or Dutch (optional).
Assignments may be written in English or Dutch (optional).
Course Objectives

Understand academic sources as both presentation and representation of the academic standards of their discipline.
Identify a wide range of academic texts (journal articles, reviews, edited volumes, monographs) and engage with them on an analytical level.
Gain awareness of the rules and stakes of academic publications (plagiarism, fraud, style guide, publication formats).
Gain theoretical understanding of academic discourse
Perform basic tasks of academic research (library search, organization of sources, referencing)

Schedule
See our website
Mode of Instruction
A total of 5 ECTS = 140 sbu (study hours):

lectures 15 × 2 hours = 45 sbu
library practical, including preparation = 5 sbu
written assignments 3,000 words = 40 sbu
additional time for reading literature = 50 sbu

Assessment Method

written assignments
tests (library skills, awareness of fraud, awareness of authenticity)

Only the final mark is registered in uSis. The final pass mark is 6,0 and higher; 5,0 or lower is deemed inadequate. Final marks between 5,0 and 6,0 are never awarded.
Lectures form an integral part of the course, which means there will be assignment questions on the lectures and test instructions in the lectures.
Registration in uSis
All students will be registered for the lectures by the Student Services Centre (SSC).
Registration for examinations isn’t necessary for this course, as the course is assessed by a set of assignments.
Brightspace
Brightspace is the digital learning environment of Leiden University. Brightspace gives access to course announcements and electronic study material. Assignments will also be submitted in Brightspace. Announcements about and changes to courses are published in Brightspace. Students are advised to check Brightspace daily to remain informed about rooms, schedules, deadlines, and details of assignments. Lecturers assume that all students read information posted on Brightspace.
- How to login:
The homepage for Brightspace is: Brightspace
Please log in with your ULCN-account and personal password. On the left you will see an overview of My Courses.
For access to your courses in Brightspace you must be registered in uSis for those courses.
Course Literature
Desmond, Matthew  2016       Evicted – Poverty and Profit in the American City.   Harmondsworth: Penguin   Books Ltd.
Goffman, Erving  1990 [1959]    The Presentation of Self in Everyday Life. Harmondsworth: Penguin  Books  Ltd.
Moderbacher, Christine  2018     Hamuda, the Wood and I. Etnofoor  30(1): 77-96 (text available as PDF in Brightspace, with kind permission of the editors of Etnofoor).
Van Wolputte, Steven  2018  Desire Paths. Etnofoor 30(1): 97-108 (text available as PDF in Brightspace, with kind permission of the editors of Etnofoor).
Contact
Dr. Jan Jansen
E.C. Charlety"
https://studiegids.universiteitleiden.nl/en/courses/56669,2016-2017,Advanced Activities Bachelor Research Project,English,Science,None,None,['https://studiegids.universiteitleiden.nl/en/studies/4339/biology'],"Admission requirements
Successful completion of the Bachelor Research Project. A signed ‘Advanced Activities Bachelor Research Project’ agreement must be delivered to the Educational Office prior to the start.
Contact
Name: M.J. van Delft
 Email: assistentopleiding@biology.leidenuniv.nl
Description
If students wish to deepen their research topic, this is only allowed in the form of an individual subject ‘Advanced Activities Bachelor Research Project’ for a standard study load of 6 EC. Advanced Activities Bachelor Research Project will be carried out at the same research group as the Bachelor Reseach Project and with the same supervisor. Students need prior approval from the study advisor for the ‘Advanced Activities Bachelor Research Project’ and register for this component at Usis. For the ‘Advanced Activities Bachelor Research project’ a separate report has to be handed in. The assessment of the ‘Advanced Activities Bachelor Research Project’ is independent of the assessment of the Bachelor research project.
Learning goals
Course objectives:

Acquiring in-depth knowledge about a current research question, concepts and approaches in a particular biological research area.
Gaining experience with methods and techniques used within a particular research field.
Learning how to design and implement a research project.
Learning how to formulate a research question and hypothesis.
Learning how to critically evaluate the results of scientific publications.
Learning how to how to report and present research results.

Final qualifications:
 The student knows how to design and implement a research, analyze and represent data and how to write a scientific publication.
Timetable
Advanced Activities Bachelor Research Project will be carried out in the month July, directly after the Bachelor Research Project.
 Daily from 9.00 to 17.00
Mode of instruction
Literature review, research proposal, conducting an experiment, writing a report and presenting.
Assessment method
Practical work and report will be assessed.
Blackboard
On Blackboard in ‘Teaching Programme/Opleiding Biologie’ > ‘Bachelor yr 3’ > ‘General Research Skills, Bachelor research project and Literature Review’, the Advanced Activities Bachelor Research Project agreement and the Bachelor research project booklet can be found.
Reading list
n.a.
Registration

Ask for approval by the study advisor by submitting a petition request in Usis
A signed ‘Advanced Activities Bachelor Research Project’ agreement must be delivered to the Educational Office prior to the start.
Register in Usis

Exchange and Study Abroad students, please see the Prospective students website for more information on how to apply."
https://studiegids.universiteitleiden.nl/en/courses/62625,2016-2017,Advanced International Dispute Settlement  - The Law and Politics of International Dispute Settlement (Track IDS),English,Law,None,"['Prof. Eric De Brabandere', 'Dr. Mamadou Hébie']",['https://studiegids.universiteitleiden.nl/en/studies/4623/public-international-law-advanced-master-programme-peace-justice-and-development'],"The Advanced International Dispute Settlement Course is as a follow-up on the general course ‘International Dispute Settlement’ – a compulsory course in the first semester. It builds on the content covered in the general course, i.e. principles and practice common to all international dispute settlement mechanisms and the introduction to the law and practice of the various courts and tribunals in international law. It covers transversal issues of international disputes settlement and its function in the international society, in particular in relation to peace and justice. It addresses major theories related to the function of dispute settlement in international law and global governance, the dynamics of international dispute settlement from the perspectives of actors involved in the process, and the role of law in the prevention and settlement of disputes and problems of consent.
Topics of the lectures and seminars include:

The function of dispute settlement in international law and global governance, including its nexus to peace; – The actors and dynamics of international dispute settlement; – The multiplication of legal regimes and their problems; – Sovereign equality, consent and international dispute settlement; – The selection and qualification of judges and arbitrators; – Third parties in international dispute settlement."
https://studiegids.universiteitleiden.nl/en/courses/28755,2011-2012,“Gedenk te sterven!” Dood en hiernamaals in de Griekse wereld,Dutch,Humanities,None,['Dr. D.E. Kretschmann'],"['https://studiegids.universiteitleiden.nl/en/studies/1462/griekse-en-latijnse-taal-en-cultuur', 'https://studiegids.universiteitleiden.nl/en/studies/1424/history']","Toegangseisen
Voor geschiedenisstudenten: beide tweedejaars BA-werkcolleges behaald.
Beschrijving
‘Memento mori’ of ‘gedenk te sterven’. Hoewel dit beroemde Latijnse credo pas in de middeleeuwen onder christenen een grote vlucht nam, was men in de klassieke oudheid volop bezig met de dood. De Griekse wereld kende een “levendige” grafcultuur. In deze cursus wordt gekeken hoe de Grieken hun doden bejegenden en hoe zij dachten over het hiernamaals. Hiertoe zullen diverse bronnen aan bod komen, ook Romeins vergelijkingsmateriaal. Archeologische opgravingverslagen geven inzicht in de manier waarop de doden werden begraven. Antieke auteurs informeren ons over begrafenisrituelen en opvattingen over het leven na de dood. Grafinscripties vertellen ons wie de doden waren en hoe zij herinnerd wilden worden. Daarnaast bieden antropologische studies interessant vergelijkingsmateriaal. Tenslotte zal er ook ruim aandacht zijn voor het moderne wetenschappelijke debat: hoe moeten de bronnen volgens moderne auteurs geduid worden en op welke manier kunnen zij ons meer leren over de antieke samenleving?
Leerdoelen

Kennis vergaren over antieke grafculturen en de antieke samenleving als geheel.
Vermogen ontwikkelen om standpunten van verschillende moderne auteurs en antieke bronnen kritisch tegen elkaar af te wegen.
Versterking van het vermogen om in een goed gestructureerd werkstuk een eigen standpunt te ontwikkelen.

Rooster
Zie hier.
Onderwijsvorm
Seminar.
Toetsing

Werkstuk – 65%
Opdrachten en referaat – 25%
Actieve deelname – 10%

Blackboard
N.v.t.
Literatuur

Aanbevolen literatuur: Ian Morris, Death-ritual and social structure in classical antiquity (Cambridge 1992). ISBN 0-521-37611-4
De overige verplichte literatuur zal tijdens de eerste bijeenkomst aangekondigd worden en middels een werkcollegeplank ter beschikking gesteld worden.

Aanmelden
Zie aanmeldingsprocedure.
Contact
Email: Mw. Dr. D.E. Kretschmann."
https://studiegids.universiteitleiden.nl/en/courses/36961,2013-2014,Academic year in Japan B,English,Humanities,None,['NA'],['https://studiegids.universiteitleiden.nl/en/studies/2435/asian-studies-120-ec-japanese-studies'],"Students will spend a year in Japan at one of Leiden’s partner universities. The precise destination of each student will be determined early in the first semester, taking into consideration his/her research interests and the profile of each university. At present, Leiden’s partner universities in Japan include: Nagasaki University, Keiô University, Waseda University, Kyoto University, Osaka University of Foreign Languages.
It is the responsibility of the student to maintain contact with his/her Leiden supervisor throughout their stay in Japan (see also Thesis Tutorial 2). Furthermore, all students are required to earn 30 ECTS in Japan by following Japanese language courses OR content courses conducted in the Japanese language. This translates into approximately 15 tan’i in the Japanese system of grade registration. Students should specify which courses they intend to follow during their stay in Japan, using the Japanese Language Acquisition Form (available for download at http://www.hum.leidenuniv.nl/japans/ma-information/year-in-japan.html). The form is due to the Examinations Committee on June 1 (semester 1) and October 1 (semester II). Students may also submit a plan for the entire year on June 1."
https://studiegids.universiteitleiden.nl/en/courses/39503,2012-2013,Advanced Transfer Pricing,English,Law,None,"['Marco Adda', 'Joseph Andrus', 'Thomas Colombo', 'Massimo Fabio', 'Pim Fris', 'Sébastien Gonnet', 'Luc Hautvast', 'Danny Oosterhoff', 'René van der Paardt', 'Giandomenico Petronella', 'Antonio Russo', 'Dhaval J. Sanghavi', 'Francesco Scandone', 'Jonathan Schwarz', 'Stefano Simontacchi', 'Alexander Voegele']",['https://studiegids.universiteitleiden.nl/en/studies/1828/international-tax-law-advanced-programme'],"The Advanced Transfer Pricing course has been designed for students and practitioners who already have basic knowledge in the field of transfer pricing and are interested to further their knowledge and understanding in this area. It includes subjects such as: location savings and transfer pricing adjustments, the application of the profit-split method, the application of evaluation techniques to intangibles, supply chain restructuring, and selected issues on financial services. These topics are dealt through an in-depth analysis from both a theoretical and a practical perspective and involve current business models applied by multinational enterprises (e.g., matrix-type organizational structures, hub structures, co-entrepreneurial structures). The course also deals with the particularities of different industries (such as: fashion, fast-moving consumer goods, pharmaceutical) with references to industry analysis, functional analysis, distribution policy, intercompany services and benchmarking analysis. In addition to the lectures, the course features workshops in which real-life case studies are analyzed. For example, there is a workshop dealing with database search where the various steps of such a search (e.g., NACE Codes selection for defining the initial sample, timing of origin of comparable data, application of quantitative screening criteria such as independence and turnover threshold, web and financial statements analysis) are examined and discussed in detail through an analysis of the issues based on examples from tax practice. Also the interaction between transfer pricing and indirect taxes (i.e., customs and VAT) is dealt with addressed in a specific section."
https://studiegids.universiteitleiden.nl/en/courses/56073,2016-2017,Advanced dating methods,English,Archaeology,['https://www.universiteitleiden.nl/en/staffmembers/thijs-van-kolfschoten'],"['Prof.dr.ir. J. v.d. Plicht', 'Prof.dr. M. van Kolfschoten']",['https://studiegids.universiteitleiden.nl/en/studies/4269/archaeology-research-bioarchaeology'],"Admission requirements
Admission to the RMSc-programme Bioarchaeology.
Description
This course will focus on the following dating methods:

Radiometric dating: radiocarbon including advanced applications (statistical analysis, reservoir effects), proper assessment of the data obtained.
Luminescence dating: TL, OSL.
Geology: K/Ar, U-series isotopes, ESR relevant for archaeology.
Chemical methods: racemisation, stratigraphies (magnetic, tephra, ice, marine stages).
Dating Pleistocene sites.

Course set-up:
 1) C14: natural radioactivity, dating principle, C14 timescale, isotope effects, calibration.
 2) C14: statistics, wiggle matching, Bayesian analysis, applications in archaeology.
 3) C14: reservoir-effects and stable isotopes, C14 for the archaeologist (“what’s in a date?”).
 4) TL, OSL (guest lecture by J. Wallinga).
 5) Isotope geology relevant for archaeology: dating U-series, K/Ar, ESR.
 6) Chemical methods and biostratigraphy: racemisation, palynology, isotope stages (lecture by M. van Kolfschoten).
 7) Dating Pleistocene sites (Boxgrove, Happisburgh, Schöningen, Dmanisi, etc.)
Course objectives

Advanced knowledge of dating based on scientific methods and ability to relate this knowledge to a broader academic context and new, multidisciplinary contexts;
Ability to assess dating methods in archaeological research questions;
Ability to critically review the significance of the applied dating methods in general and for one’s own research;
Ability to report such reviews in written essays using relevant literature to support own position..

Timetable
Course schedule details can be found in the RMA time schedule.
Mode of instruction
Lectures.
Course load
The course load will be distributed as follows:

7×2 hours of lectures (1 ects);
2 essays of 3,000-3,600 words each (4 ects).

Assessment method
4 essays about different dating methods and relevant case studies.
All essays together need to be a pass, which is only possible when all essays are submitted in time.
 In case of a fail, the lecturer will decide for which of the essays a retake is needed.
All assessment deadlines (exams, retakes, paper deadlines etc.) can be found in the examination schedule.
Reading list

M. Walker, Quaternary Dating Methods;
Handouts.

Registration
Registration for the course is not necessary, registration for the exam is mandatory. For instructions, see the Registration in uSis page.
Contact
For more information about this course, please contact prof. dr. ir. J. v.d. Plicht.
Remarks
Compulsory attendance."
https://studiegids.universiteitleiden.nl/en/courses/110156,2021-2022,Academic Writing,English,Governance and Global Affairs,"['https://www.universiteitleiden.nl/en/staffmembers/philomeen-dol', 'https://www.universiteitleiden.nl/en/staffmembers/densua-mumford', 'https://www.universiteitleiden.nl/en/staffmembers/barrie-sander', 'https://www.universiteitleiden.nl/en/staffmembers/bryan-odonovan', 'https://www.universiteitleiden.nl/en/staffmembers/looi-van-kessel', 'https://www.universiteitleiden.nl/en/staffmembers/fernanda-korovsky-moura']","['Dr. P.H. Dol', 'Dr. D. Mumford', 'Dr. B.J. Sander', ""B.D. O'Donovan"", 'Dr. L. van Kessel', 'F. Korovsky Moura MA', 'A.S. Rose MA', 'Dr. Daný van Dam']",['https://studiegids.universiteitleiden.nl/en/studies/8909/liberal-arts-and-sciences-global-challenges'],"Admission requirements
None.
Description
Academic Writing is a group of courses that offer an introduction to a particular academic discipline, including cultural history, literary studies, the history of international relations and legal history. The Academic Writing courses not only differ in terms of their subject but also the periods they cover, which range from the early modern period to today’s world. However, what the courses share is that while you are learning about their specific subject, they all teach you, step by step, how to write and do research at university.
Every Academic Writing course consists of two blocks. In the first block, the writing part of the course will cover the stages and skills involved in the composition of an academic argument, including close reading, finding and evaluating sources, developing a thesis, using textual evidence, organizing ideas with clarity, citation and referencing as well as strategies for planning and revision. We will also address the subjects of styling and formatting, and you will learn how to examine and evaluate your peers’ texts and to provide constructive feedback. Particular attention will be paid to the subject of plagiarism and how to avoid it.
The focus of the second block of the course will be on research and this part of the course will take you through every step of the research essay, from how to prepare and write a research proposal to adding the final touches to your paper. Throughout the block, you will work in a research group and learn how to collaborate in a number of important academic activities, most notably the research presentation. Being able to give a good presentation (whether it’s in a lecture room or in a podcast) is a crucial skill in academic life and this course will not only teach you exactly what makes a presentation good but also teach you a number of key presentation techniques.
Please make sure you read the descriptions of the different course variations carefully before choosing which course you want to take as it will be very difficult, if not impossible, to move to another course after you have registered. Also note that course placement is subject to availability and course schedules.
Section A (Dr. Philomeen Dol)
Genocide
In this particular section, we will focus on the concept of Genocide. The term Genocide was first coined during World War II by Raphael Lemkin, a Polish Jewish lawyer who became aware of atrocities committed against groups of people midway through the 20th century. Genocide was legally defined in the Genocide Convention, but it was not until the Rwanda Tribunals in the 1990s that suspects were prosecuted for the crime of Genocide. The delay between the first attempts at a definition of Genocide and its ultimate application in a Court suggests that Genocide is not a straightforward concept. During the course, we will consider various issues connected to Genocide, such as its historical development, its link(s) with crimes against humanity, the notion of cultural Genocide and the role of state policy in relation to Genocide.
Sections B + G (Dr. Bryan O'Donovan)
The State as an Actor in International Affairs
This course will examine the role states play in the conduct of international affairs. States have been the dominant actors in international politics ever since the Treaty of Westphalia was signed, taking responsibility for waging war and making peace with other states, conducting and regulating trade across borders, and exercising sovereignty over their respective societies. However, the 20th and 21st centuries have seen other actors enter the fray: regional and global organizations to which nation states have ceded varying degrees of sovereignty; non-governmental and civil society organizations who claim their own transnational constituencies; transnational corporations which wield vast economic influence, sometimes beyond the control of traditional state structures. Some criticize these developments and question the effectiveness of such actors in addressing global issues which often require prompt action and were traditionally tackled by states. There are, on the other hand, advocates of this diffusion of power, who claim the old system is not conducive to dealing with transnational issues such as climate change, migration and international security. In this course, we will analyze a number of academic arguments from the area of international relations to gain a better understanding of the traditional, current, and future role of states in the international arena.
Sections C + H (Sophie Rose MA)
Sexuality and Empire
This section will explore the history of colonial empires through the lens of intimate human encounters. Since the start of European overseas expansion, sexual relations played a crucial role in the creation of new communities, the formation of social hierarchies, and the policing of ethnic and racial distinctions. The first half of the course will draw on a combination of theoretical texts, meant to introduce students to a conceptual toolbox for conducting historical and cultural analyses, and the specific case study of Early Modern Dutch colonialism, which was dominated by chartered trade companies (the VOC and WIC, or Dutch East India Company and West India Company, respectively). In the second half of the course, students will conduct their own research based on a chosen topic from the wider theme of sexuality and gender in colonial empires.
Section D (Fernanda Korovsky Moura MA)
Ecocriticism in Literary Studies
In this particular section, we will read literary texts through an ecocritical perspective, a growing field of study within environmental humanities. Ecocriticism is a branch of literary theory that explores the relationships between the humans and the natural and nonhuman worlds as depicted in literary texts. This term was first proposed by William Rueckert in his essay “Literature and Ecology” (1978), and it has been officially recognized as an academic discipline since the mid-1990s. Although the categorization of ecocriticism is relatively recent, environmental approaches to literary texts can actually be traced back to Ancient Greece. In this course, we will also investigate the concepts of ecopoetics (the study of poetry that explores how the world is experienced by human and nonhuman entities), posthumanism (a philosophical perspective that understands the world as composed of multiple dynamic forces, where the human does not hold a superior position to nonhuman entities, redefining humanity’s place in the world) and the Anthropocene (the definition of Earth's most recent geologic time period as being human-influenced, or anthropogenic). During the course, we will discuss the literary theory and apply it to different literary texts, such as short stories, poems and extracts of novels (including science fiction and fantasy), written in different parts of the world and periods of time.
Section E (Dr. Densua Mumford)
Africa’s International Relations
In this section we will explore the ways in which Africa’s international relations have impacted the continent’s socio-economic and political development. We will engage with a range of arguments and perspectives on the causes and consequences of Africa's engagement with the world, both historical and contemporary. Major themes will range from international development, race and (neo)colonialism, China-Africa relations, to African regionalism. For example, how have African states engaged external partners to suit their interests? To what extent have such relations changed over time? Have African states learned to cooperate effectively with each other through regional integration schemes? How has Pan-Africanism been used and developed by transnational elites? Students will have the opportunity to develop their own research questions and to learn how to gather primary data from various sources, analyse them in a critical manner, and formulate robust scholarly arguments.
Section F (Dr. Looi van Kessel)
Sexuality and Modernity in Nineteenth-Century Literature
Henry James' short novel The Turn of the Screw (1898) is a classic tale in which the author subverts both genre conventions and social norms governing female sexuality in the 19th century. As such, the novel is exemplary for modernist literature, which demonstrates a growing concern for turbulent developments in social life at the turn of the century and the concomitant changes in moral attitudes toward sexuality. In this course we will examine the changing role of sexuality in western society throughout the 19th century with a specific focus on the intersection of sexuality with gender and race. In the first part of this course, we will collectively read James’ The Turn of the Screw to identify attitudes toward sexuality and modernity in the late 19th-century. In the second part of this course our attention will shift to questions of race and gender when the students will pick a short story to analyze for their research group project.
Section I (Dr. Barrie Sander)
Dilemmas of Justice in the Aftermath of Mass Atrocities
In recent decades, the field of international criminal law has experienced a degree of judicialisation that few thought imaginable. During this period, international criminal courts have not only become normalised but also prioritized as a response to episodes of mass atrocity. In this course, we will grapple with some of the justice dilemmas that have arisen in responding to mass atrocities within international criminal courts. Traversing tensions centred on the expressive limits of international criminal law and the political choices and constraints of international criminal courts, this course invites students to reflect on the contested meaning of justice in the aftermath of episodes of mass violence.
Section J (Dr. Daný van Dam)
Navigating Migration and Identity through Literature
Literature can offer ways to turn what is abstract and general into something that is personally relevant. In this course, we will use Ken Liu’s prize-winning short story “The Paper Menagerie” (2011) as a point of departure to study how literature can offer the language and tools to discuss migration and identity in a multinational and multilingual context. Using approaches from politics of location and intersectionality, we will look at how authors creatively engage with the lived experience of migrant identities. In the first half of the course, we will use Liu’s story as an example to become familiar with the tools and terminology of constructing and navigating migrant identities through literature. In the second half of the course, we will expand on concepts of migration and identity, allowing students to select their own texts to apply the concepts to.
Section L, Semester 2 (Dr. Philomeen Dol)
The Role of Courts and Tribunals in International Criminal Justice
In this section, we will focus on the role which international criminal courts and tribunals play in dispensing justice. From the aftermath of World War II until today, criminal courts and tribunals have been established to bring perpetrators of war crime and crimes against humanity to justice in an attempt to end impunity. Advocates of these courts and tribunals argue that they are essential for establishing international criminal justice. Others, however, find that these organizations cannot effectively deal with war crime and crimes against humanity. In this group, taking the International Criminal Court as a starting point, we will examine arguments from a number of academic sources from the field of international criminal law in order to better understand the phenomenon of international criminal justice.
Course Objectives
Skills:
At the end of the course, students can

conduct research at undergraduate level and have the skills to find, evaluate, analyze and process sources
carry out an essay project, from the first idea to the final revision
structure and present an effective thesis and argumentation
properly style all different elements of an academic essay according to a basic style manual
collaborate with peers in terms of providing peer reviews of other students’ work and effectively processing the feedback on their own as well as working together on planning a project and doing the research for it
prepare and give an effective research presentation
explain exactly what plagiarism entails and are able to avoid it through proper citation and referencing

Knowledge:

At the end of the course, students can describe and explain the basic principles of their chosen subject and its main discourses, approaches, methodologies and terminologies.

Timetable
Timetables for courses offered at Leiden University College in 2020-2021 will be published on this page of the e-Prospectus.
Mode of instruction
Every Academic Writing course is different and depending on which one you take, your course can include different methods and activities. However, the structure and the teaching of the writing and research skills is exactly the same for all courses, including the general set-up of the writing assignments and their deadlines. In the first block, Information Specialists from Leiden University Libraries will teach the same class to all course groups and you will also be expected to complete several tutorials provided by Leiden University Libraries.
The course will be taught online this year but we have redesigned the programme to make it as effective and productive as the traditional version. The backbone of the course is formed by the close reading, analysis and discussion of texts, with one 2-hour session per week from Weeks 1 to 14. Almost every week you will write short assignments, all of which will build up progressively towards the two graded essays. The first essay will offer an original interpretation of a particular primary source and will incorporate secondary sources set by your teacher and discussed in class. The second essay will be based on your individual research. On the basis of your research proposal, you will be placed in a research group and you will be expected to work very closely with your group members throughout the block. You will exchange ideas and sources, peer-review each other’s drafts and prepare and give a research presentation together.
In the first block, all students will have a short, individual tutorial with their lecturer to receive and discuss individual feedback on their writing and in the second block, every research group will attend a group-tutorial to discuss the research proposals.
Attendance: Given that this is an intensive course, in which you will be learning skills that are crucial to your career, as a student at LUC and afterwards, you should try not to miss any class unless you have an exceptional and valid reason. If you have to be absent, please be aware that it is your responsibility to catch up with any missed classwork and submit your assignments on time or by the extended deadline agreed on - in advance - with your instructor.
Participation: You are expected to participate actively in class discussions, take notes, and respond to your peers’ writing. This means that you will have to do all the preparation for the class, including the reading, meticulously. Almost every week, you are expected to do a writing assignment and write a structured peer review of at least two of your peers’ assignments. These so-called Building Blocks are also included in your participation grade.
Assessment Method
Assessment: Participation (in-class participation and Building Blocks)
Percentage: 15%
Deadline: ongoing Weeks 1 – 15
Assessment: Essay 1 (1500 words)
Percentage: 35%
Deadline: week 8
Assessment: Research presentation in the second block
Percentage: 10%
The date of the presentations will be announced at the start of the block. Do please note that even though this is a group assignment, students will be graded individually.
Assessment: Final research essay (3000 words)
Percentage: 40%
Deadline: week 15
You must submit all the assignments - graded as well ungraded - in order to pass the course and you will be penalized (points will be taken from your essay grades – please see the syllabus for more information about this) for missed deadlines, including those for the Building Block assignments. If you need an extension, please contact your lecturer in advance of the deadline.
Also note that the grade of the final research paper cannot be compensated by the other grades and that you need to receive at least a C- for this essay in order to pass the course. If your final paper receives a D+ or lower, your final grade for the course cannot be higher than a D+ and you will fail the course.
Finally, please note that passing Academic Writing is a requirement for a positive BSA advice.  If you do not pass the course, you can retake it in blocks 3 and 4. If you fail the course again, you will not be able to continue your studies at LUC in the second year. Please see the Student Handbook for more information on this.
Please note:

In accordance with article 4.8 of the Course and Examination Regulations (OER), within 30 days after the publication of grades, the instructor will provide students the opportunity to inspect their exams/coursework.
There is a no re-sit policy at Leiden University College.

Reading list
The Little, Brown Handbook. Global Edition (13th edition), by Jane E. Aaron and H. Ramsey Fowler (Pearson Education Limited).
Please see the syllabus of your specific AW course for the other course texts.
Registration
Courses offered at Leiden University College (LUC) are usually only open to LUC students and LUC exchange students. Leiden University students who participate in one of the university’s Honours tracks or programmes may register for one LUC course, if availability permits. Registration is coordinated by the Education Coordinator, course.administration@luc.leidenuniv.nl.
Contact
Dr. Philomeen Dol.
Remarks
Please read the course syllabus (which you will find on Brightspace) very carefully before the first class. After this first class, you will be expected to know and understand the course rules and requirements so do please ask if anything is unclear."
https://studiegids.universiteitleiden.nl/en/courses/66051,2016-2017,Advanced archaeology of the late Neanderthals and first Modern humans,English,Archaeology,['https://www.universiteitleiden.nl/en/staffmembers/marie-soressi'],['Dr. M.A. Soressi'],['https://studiegids.universiteitleiden.nl/en/studies/4271/archaeology-research-human-origins'],"Admission requirements
Bachelor’s degree in Archaeology.
Description
The demise of the Neanderthals and their replacement by anatomically modern humans in Europe are at the core of several heated debates. When did modern humans come into Europe? Are last Neanderthals behavioral changes a testimony of contacts with anatomically modern humans? How much of last Neanderthals innovative behaviors result from independent invention?
In this course, we will pick up some of the most debated papers published in high-ranking journals and discuss these in class. The seminar will enable students to learn more about the major changes in Europe between 45,000-35,000 years ago, and will also get a good insight in “science in the making”.
RMA-students will be asked to go deeper into the understanding of the logic and methods used to support arguments.
Course objectives

Knowledge of the state of the art on Neanderthal demise (hypothesis, available data, chronology);
Appreciation of how our understanding of the past can quickly evolve, and developing a critical attitude when reading academic papers;
From this critical thinking, come up with positive suggestions on what to do next to improve our understanding of Neanderthal demise;
Improve abilities to present an argument in a concise way, useful both in academic and non-academic contexts.

In addition, for RMA students:
 Better understanding of methods used to support theories on the demise of the last Neanderthals, and the peopling of Europe by anatomically modern humans.
Timetable
Course schedule details can be found in the RMA time schedule.
Mode of instruction

Discussions focusing on developing new ideas from critical examination of the published record;
Oral presentations. Students will be encouraged and supported to develop skills for clear and concise argument by using 3-minute long oral presentation in Pecha Kucha style, i.e. focusing on being a speaker, and using slides with very little text changing frequently (i.e. 5 to 9 simple slides for a 3-minute talk).

Course load
The course load will be distributed as follows:

7×2 hours of lectures (1 ects);
280 pages of literature (2 ects);
Preparation for assignments: mini essays and presentations during the seminar from specialised reading (2 ects).

Assessment method
1 final grade consisting of:

Oral presentations 50%;
Written assignment(s) 50%.

All assessment deadlines (exams, retakes, paper deadlines etc.) can be found in the examination schedule.
Reading list
To be announced in more detail, but may include:

Radovčić, D., A.O. Sršen, J. Radovčić & D.W. Frayer, 2015. “Evidence for Neandertal Jewelry: Modified White-Tailed Eagle Claws at Krapina”. PloS ONE 10(3), e0119802;
Peresani, M., I. Fiore, M. Gala, M. Romandini & A. Tagliacozzo, 2011. “Late Neandertals and the Intentional Removal of Feathers as Evidenced from Bird Bone Taphonomy at Fumane Cave 44 ky B.P., Italy” in: PNAS 108(10): 3888-3893;
Conard, N.J. 2009. “A Female Figurine from the Basal Aurignacian of Hohle Fels Cave in Southwestern Germany” in: Nature 459, 248–252;
Villa, P. and W. Roebroeks, 2014. “Neandertal Demise: An Archaeological Analysis of the Modern Human Superiority Complex”. PloS ONE 9(4), e96424.

Registration
Registration for the course is not necessary, registration for the exam is mandatory. For instructions, see the Registration in uSis page.
Contact
For more information about this course, please contact dr. M.A. Soressi."
https://studiegids.universiteitleiden.nl/en/courses/54163,2015-2016,“Austria as it is.” Portraits of the Second Republic,English,Humanities,None,['Mag. Dr. Christoph Leitgeb'],"['https://studiegids.universiteitleiden.nl/en/studies/3665/german-language-and-culture', 'https://studiegids.universiteitleiden.nl/en/studies/3797/history']","Admission requirements
There are no specific admission requirements
Description
This lecture continues a long and controversial tradition of presenting “Austria as it is”: It will not give a linear account of the history of the “Second Republic”, but sketch a variety of perspectives on how Austrian society and culture have developed from World War II to the present. Topics to explore include: the trauma of war and strategies to overcome it; the development of tourism, regionalism and the cult of landscape; migration and xenophobia; Catholicism and its impact on everyday life et cetera. A historical and sociological introduction will highlight the significance of each topic for Austrian society and the changes since World War II. Examples from literature, theatre, film and popular culture illustrate the topics, at the same time reaffirming and contesting a more general discourse of what is supposedly “typically Austrian”.
Course objectives
General learning objectives
 The student can:


organise and use relatively large amounts of information


reflect critically on knowledge and understanding as presented in academic literature


Learning objectives, pertaining to the specialisation


The student has knowledge of the specialisation General History, more specifically of the place of European history from 1500 in a worldwide perspective; with a focus on the development and role of political institutions;


Learning objectives, pertaining to this specific lecture series
 The student has acquired:


an understanding of questions concerning Austrian identity and the specifics of the country in a western-European and a central-European context;


knowledge of recent European trends (globalization, regionalization, crisis of the traditional political-party system, migration…) and their impact in Austria;


insights into the interdependence of historical heritage, political and economical organization, culture and self-perception.


Timetable
See Rooster Geschiedenis (in Dutch)
Mode of instruction

Lecture

Course Load
Total course load: 5 EC x 28 hrs = 140 hours

Amount of lectures: 26 hours
Assignments: Various short texts to prepare specific topics for discussion: 39 hours
Literature: 45 hours reading + 30 hours studying-preparation for the exam

Assessment method
The course will be assessed through two subtests:

Midterm examination: written examination.
Final examination: written examination.

Weighing
 Midterm examination: 40 %
 Final examination: 60 %
The final mark for the course is establised by determination of the weighted average.
Resit
 Sudents are allowed to take again those subtests that were marked insufficient. The resit exam will take place on one single resit, at which both subtests are offered. For this resit three hours will be reserved, so that students will be able to retake both subtests, if necessary.
 Please note that students can only take a resit when their final grade is insufficient. Subtests that were marked sufficient cannot be retaken.
Blackboard
In this course Blackboard is used for: – announcements about the course; – communication between professor and students.
Reading list
Oliver Rathkolb, The Paradoxical Republic: Austria 1945-2005) (New York, Oxford 2014 ) (316 p.) (German: Oliver Rathkolb, Die paradoxe Republik. Österreich 1945 bis 2015 (Wien 2015) (495p.)
 Additional literature will be announced when the course starts.
Registration
Via uSis
Registration Studeren à la carte and Contractonderwijs
Registration Studeren à la carte
Registration Contractonderwijs
Contact
Dr. Christian Leitgeb
Remarks
None"
https://studiegids.universiteitleiden.nl/en/courses/36440,2013-2014,Actuele visies op Gender en seksualiteit,Dutch,Humanities,"['https://www.universiteitleiden.nl/en/staffmembers/yasco-horsman', 'https://www.universiteitleiden.nl/en/staffmembers/isabel-hoving']","['Dr. Y. Horsman', 'Dr. I. Hoving']",['https://studiegids.universiteitleiden.nl/en/studies/2396/gender-en-seksualiteit-in-maatschappij-en-cultuur'],"Toegangseisen
-
Beschrijving
Actuele Visies op Gender en Seksualiteit is een werkcollege over de actuele stand van zaken. Tegen de achtergrond van het inleidende, meer historische college wordt in het tweede semester een werkcollege aangeboden over de actuele debatten over gender en seksualiteit. We beginnen aan het einde van de jaren zestig, bij het begin van de tweede feministische golf. We lezen, bekijken en bespreken enkele spraakmakende films en romans, zoals Lady Chatterley’s Lover. Zijn we het nu nog eens met de zeer scherpe kritiek die Kate Millett destijds leverde op de opvattingen over gender en seksualiteit in die roman? Vervolgens verbreden we de discussie naar grote vragen als: hoe kun je het gegeven verklaren dat grote schrijvers en schilders meestal mannen zijn? Schrijven vrouwen anders dan mannen? En: hoe vast staat je sekse eigenlijk – in hoeverre kun je met je sekse spelen? Wat is de invloed van technologische ontwikkelingen op onze opvattingen over gender? Leven we in een ‘posthumaan’ tijdperk? De colleges in deze reeks zijn opgebouwd rond sleutelbegrippen als canon, seksismekritiek, verlangen, biseksualiteit, vals bewustzijn, performance, queerness, sadisme, masochisme, travestie en transgender. We lezen D.H. Lawrence, Kate Millett, Maaike Meijer, Linda Nochlin, Charlotte Brontë, Gayatri Spivak, Angela Carter, Teresa de Lauretis, Marjorie Garber, Eve Kosofsky Sedgwick, Judith Butler, bell hooks, Judith Halberstam, Leo Bersani, Murat Aydemir, Norman Bryson, Octavia Butler, e.a. Daarnaast bekijken we samen drie films, zoals bv Paris is Burning (dir. J. Livingston, 1990); Boys don’t Cry (Peirce, 1999) en Poison (Haynes, 1991).
Leerdoelen
Na afronding van het college:

heeft de student kennis van en inzicht in de voornaamste actuele discussies over de rol die gender en seksualiteit spelen in cultuur, literatuur en film;
is de student in staat theoretische inzichten in gender als discursieve, sociale, en technologische constructie inzetten bij tekst- en beeldanalyse;
kan de student de rol herkennen die gender en seksualiteit in het literatuur, film en maatschappij als geheel spelen, en is hij/zij in staat kritisch te reflecteren op seksedimensies in literaire kritiek, filmkritiek, canonisering, literatuurgeschiedenis, enz.

Rooster
Collegerooster
Onderwijsvorm
Werkcollege
Toetsing
Drie kortere analyse-opdrachten (samen 30%); tentamen (70%).
Blackboard
Blackboard wordt gebruikt voor mededelingen, het ter beschikking stellen van literatuur en/of ander studiemateriaal, voor safe-assign, en waar van toepassing voor wekelijkse lees- en schrijfopdrachten, discussiefora, peerfeedback, en het stellen van tussentijdse vragen aan docent en/of medestudenten.
Literatuur
Langere wetenschappelijke teksten zijn beschikbaar via de collegeplank in de Universiteitsbibliotheek en kunnen aldaar gekopieerd worden. Kortere teksten worden op Blackboard geplaatst.
Aanmelden
Via uSis.
Studeer je aan een andere universiteit en wil je inschrijven voor keuzevakken bij Film- en Literatuurwetenschap te Leiden, dan kun je dat doen met behulp van het Formulier Gaststudent. Niet-Leidse studenten kunnen meer informatie over keuzevakken inwinnen bij het Studiepunt.
Aanmelding voor A la carte en contractonderwijs
Contractonderwijs
Contact
Mw. dr. I. Hoving of dhr. dr. Y. Horsman
Opmerkingen
Voor meer informatie, zie ook de eigen website van de opleiding Film- en literatuurwetenschap."
