title,author,date,supervisor,faculty,abstract,keywords
The failure of decentralization policy in Cameroon:,"Gemandze, Bobuin John",1994-12-01,['Boer S. de'],International Institute of Social Studies,"Even though the concept of decentralization has received
extensive treatment in the literature, (Maddick,1962;
Fesler, 1965; Kaufman, 1969; Laubadere, 1973; Kochen & Deutsch, 1980; Cohen et ale ,1981; Rondinelli,1981;  onyers,1983; Smith,1985; Gonidec,1985; Adamolekun et al.1990), there is as yet no consensus as to its precise meaning and content either within academic or professional circles. Rondinelli, (1981), asserts that decentralization is often discussed and proposed by government officials and staffs of international aid agencies without a concise conception of its meaning and without a real understanding of the alternative forms that decentralization can take. According to Cohen et al., (1981), there are a number of activities which parade under the banner of decentralization viz; devolution, deconcentration, delegation to autonomous agencies, delegation to parallel organizations, worker's self-management. On the other hand, Sherwood (1969), argues that devolution is not
decentralization. For him, decentralization refers to an
intraorganizational pattern of power relationships, whereas
devolution involves an interorganizational pattern of power
relationships (Sherwood,1969).","['policy', 'state elites']"
A DIAMOND IN THE ROUGH TOWARDS AN INTEGRATED HUMAN RIGHTS PROJECT,"Donkersgoed-Valentine, Deborah van",1994-11-01,['Gaay Fortman Bas de'],International Institute of Social Studies,,['HUMAN RIGHTS']
Can the 'North' develop?: an ecological critique of progress,"Pocook, Jane",1994-11-01,['Salih Mohamed'],International Institute of Social Studies,"Ever since the Second World War the world has fonned an apparent dualism, a dich.otomy between two groups. one of which is necessarily subordinate. I say necessarily because a dualism is..lhe result of a 'denied dependency on a subordinate other' (plumwood 1993 :41, emphasis added). I am not talking of the EastWest divide which was political in nature, but one that overrides suchan analysis - the north-south divide. Countries arc either developed (the north) or underdeveloped (the south). There is also a middle group of countries referred to as the newly industrialised countries. These have recently been joined by 'ex-Soviet block' countries. Despite these two middle groups. the vast majority of the world is split as mentioned above.","['development', 'religion', 'social malaise']"
de invoering van facility management; een belasting?,"Lange, M. de",1994-08-01,,Erasmus School of Social and Behavioural Sciences,,"['rotterdam', 'belastingdienst', 'interorganisatietheorie', 'facility management', 'samenwerking']"
compromissen in een pps op lokaal niveau geevalueerd; een evaluatiekader toegepast op de besluitvorming,"Franken, M.C.J.",1994-08-01,,Erasmus School of Social and Behavioural Sciences,,"['publiek private samenwer', 'beleidsnetwerken', 'besluitvorming', 'interorganisatietheorie', 'infrastructuur', 'samenwerkingsverbanden']"
intermediaire organisatie en haar problemen bij de overgang; van coalitie naar federatie,"Waltman, R.",1994-08-01,,Erasmus School of Social and Behavioural Sciences,,"['intermediaire organisati', 'volkshuisvestingsbeleid', 'regionale', 'samenwerkingsverbanden']"
de betekenis van ceoss voor de ontwikkeling van rurale gemeenschappen in Egypte,"Kakes, R.J.",1994-08-01,,Erasmus School of Social and Behavioural Sciences,,"['principal agent', 'ontwikkelingssamenwerkin', 'egypte', 'ontwikkelingsbeleid', 'ngo', 'niet westerse landen']"
het drielandenpark,"Peeters, M.D.J.H.",1994-08-01,,Erasmus School of Social and Behavioural Sciences,,"['grensoverschrijdend', 'regio', 'internationale samenwerk', 'interorganisationeel', 'netwerktheorie', 'euregio']"
"de mogelijkheden voor meer flexibiliteit in het functioneren; van de directie media, letteren, en bibliotheken binnen een HRM-beleid","Spiegel, R. van der",1994-08-01,,Erasmus School of Social and Behavioural Sciences,,"['flexibiliteit', 'hrs', 'personeelsbeleid', 'organisatiestructuur', 'reorganisatie']"
de rechtsstaat onder hoogspanning; een case-study naar de politiek-ambtelijke verhoudingen,"Graaf, E.A.M. van de",1994-08-01,,Erasmus School of Social and Behavioural Sciences,,"['rechtsstaat', 'politiek', 'interregionaal recherche', 'bureaupolitiek', 'ambtenaren', 'ambtelijke macht']"
verzelfstandiging van specialistische diensten; het zoeken naar een passende vorm,"Kruithof, A.",1994-08-01,,Erasmus School of Social and Behavioural Sciences,,"['verzelfstandiging', 'verkeer en waterstaat', 'principal agent']"
kennisplatforms als extra schakel tussen onderwijs en bedrijfsleven,"Lubeek, R.",1994-08-01,,Erasmus School of Social and Behavioural Sciences,,"['onderwijs', 'bedrijfsleven', 'intermediaire organisati', 'arbeidsmarkt', 'beroepsonderwijs', 'corporatisme']"
een grondige aanpak; de rol van het landbouwschap bij de bodemsaneringsproblematiek in de agrarische grond,"Wesdorp, C.",1994-08-01,,Erasmus School of Social and Behavioural Sciences,,"['bodemsanering', 'landbouw', 'systeemtheorie', 'neo corporatisme', 'milieubeleid', 'publiekrechtelijke bedri']"
"vrijwillig of opgelegd vernieuwen, een kwestie van leren?; een onderzoek naar innovatieprojecten in een verpleeghuis","Doelen, R.",1994-08-01,,Erasmus School of Social and Behavioural Sciences,,"['leerprocessen', 'vernieuwing', 'gezondheidszorg']"
communicatieve sturing in een complex netwerk; een instrumentele benadering van een project van het Afvalpreventieteam Zuid-Holland,"Oosterhoff, G.",1994-08-01,,Erasmus School of Social and Behavioural Sciences,,"['sturingsinstrumenten', 'communicatie', 'zuid holland', 'milieuzorg', 'netwerken', 'afval', 'sturing']"
tussen verleden en toekomst,"Hanneman, N.J.L.",1994-08-01,,Erasmus School of Social and Behavioural Sciences,,"['woningcorporaties', 'organisatiestructuur', 'financieel beheer', 'interne organisatie', 'organisatieomgeving']"
de reguleringsketen herzien; een onderzoek naar de gevolgen van de invoering van bedrijfsinterne milieuzorgsystemen,"Voort, C. van der",1994-08-01,,Erasmus School of Social and Behavioural Sciences,,"['bedrijfsinterne milieuzo', 'milieubeleid', 'provincies', 'sturingsinstrumenten']"
zuivering van afvalwater; individueel of gezamenlijk?,"Jongkind, L.",1994-08-01,,Erasmus School of Social and Behavioural Sciences,,"['afvalwater', 'evaluatie', 'zuivering', 'bodembescherming', 'gemeenten']"
contacten tussen kamercommissies en ambtenaren; een onderzoek onder kamerleden naar de wenselijkheid van ambtelijke aanspreekbaarheid,"Beukel, M. van den",1994-08-01,,Erasmus School of Social and Behavioural Sciences,,"['ambtenaren', 'kamerleden', 'politici', 'kamercommissies', 'verantwoordelijkheid', 'informatie']"
private financiering en exploitatie van de betuwelijn; een onderzoek naar de mogelijkheden voor een succes,"Buchinhoren, A.",1994-08-01,,Erasmus School of Social and Behavioural Sciences,,"['betuwelijn', 'publiek private samenwer', 'netwerken', 'infrastructuur', 'private financiering']"
how long will the buddha keep smiling?; het gevecht tussen de belangen in het buitenlands beleid,"Welman, P.",1994-08-01,,Erasmus School of Social and Behavioural Sciences,,"['buitenlands beleid', 'verenigde staten', 'duitsland', 'frankrijk', 'non proliferatie']"
in peis en vree...,"Pauly, D.A.S.",1994-08-01,,Erasmus School of Social and Behavioural Sciences,,"['besluitvormingsproces', 'ecologie', 'configuratietheorie', 'normen']"
amsterdam en omgeving; de ratio achter het regiovormingsproces,"Herik, P.L. van den",1994-08-01,,Erasmus School of Social and Behavioural Sciences,,"['regiovorming', 'amsterdam', 'rationaliteit']"
organisatiecultuur en het kadaster,"Geerlings, P.",1994-08-01,,Erasmus School of Social and Behavioural Sciences,,"['organisatiecultuur', 'kadaster', 'organisatieverandering', 'verzelfstandiging']"
"het ondernemingsparadigma, de transformatie van het CAOP; naar een zelfstandige dienst","Krans, J.F.",1994-08-01,,Erasmus School of Social and Behavioural Sciences,,"['verzelfstandiging', 'overheidsdiensten', 'strategie', 'technologie', 'cultuur', 'communicatie', 'dienstverlening']"
knelpunten en successen van de grensoverschrijdend; de samenwerking in de euregio scheldemond,"Oosterhout, P. van",1994-08-01,,Erasmus School of Social and Behavioural Sciences,,"['euregio', 'grensoverschrijdend', 'samenwerkingsverbanden']"
alle hens aan dek!; een onderzoek naar de rol van human resource management,"Amsterdam, K.M.",1994-08-01,,Erasmus School of Social and Behavioural Sciences,,"['hrs', 'revitalisering', 'openbaar ministerie', 'strategie', 'overheidsorganisatie', 'personeelsbeleid']"
groene gronden; een studie naar de effectiviteit van een tweetal EG bosbouwverordeningen in Groot-Britannie,"Kerpel, M.",1994-08-01,,Erasmus School of Social and Behavioural Sciences,,"['groot brittannie', 'milieu', 'europese unie', 'europese regelgeving', 'bosbouwbeleid']"
human resource management in de gemeente Almelo; theorie of praktijk?,"Brugge, M. ter",1994-08-01,,Erasmus School of Social and Behavioural Sciences,,"['hrs', 'personeelsbeleid', 'almelo', 'gemeenten']"
how great expectations in The Hague are dashed in sangupatti,"Vries, A. de",1994-08-01,,Erasmus School of Social and Behavioural Sciences,,"['ngo', 'niet westerse landen', 'ontwikkelingssamenwerkin', 'india']"
continuiteit of discontinuiteit?; een onderzoek naar de rol van de private partij in,"Basjes, A.",1994-08-01,,Erasmus School of Social and Behavioural Sciences,,"['publiek private samenwer', 'strategieontwikkeling', 'netwerken', 'stedelijke vernieuwing', 'amersfoort']"
de toekomst van scenario's; een studie naar functies van scenarios bij de vermogensplanning in de electriciteitssector,"Hille, P.J.",1994-08-01,,Erasmus School of Social and Behavioural Sciences,,"['energiebeleid', 'elektriciteitssector', 'scenario']"
financieringsinstrument rewin west-brabant,"Meeuwisse, A.J.P.E.",1994-08-01,,Erasmus School of Social and Behavioural Sciences,,"['financiering', 'midden en kleinbedrijf', 'beleidsinstrumenten', 'implementatie', 'noord brabant']"
samenwerking binnen beleidsnetwerken; het kralingse bos als casus,"Rooyen, A. van",1994-08-01,,Erasmus School of Social and Behavioural Sciences,,"['interorganisatietheorie', 'beleidsnetwerken', 'rotterdam', 'samenwerkingsverbanden', 'recreatie']"
selectie van informatietechnologie; een onderzoek naar de relatie tussen IT en organisaties,"Haan, A. de",1994-08-01,,Erasmus School of Social and Behavioural Sciences,,['informatietechnologie']
de op(en)stelling van sportverenigingen; hoe krijgt een gemeente haar autochtone sportverenigingen van de reservebank in het sportstimuleringsbeleid,"Monster, A.",1994-08-01,,Erasmus School of Social and Behavioural Sciences,,"['sport', 'sportstimuleringsbeleid', 'minderheden', 'integratie', 'dordrecht']"
strategie-ontwikkeling en verzelfstandiging,"Dunnen, R.M. den",1994-08-01,,Erasmus School of Social and Behavioural Sciences,,"['strategieontwikkeling', 'verzelfstandiging', 'kadaster', 'uitvoeringsorganisaties', 'kerndepartementen', 'organisatieverandering']"
concurrentie op het spoor?; een studie naar de vorm en positie van het capaciteitsmanagement,"Kalksma, I.T.",1994-08-01,,Erasmus School of Social and Behavioural Sciences,,"['spoorwegen', 'verkeer en vervoer', 'capaciteitsmanagement', 'tweede kamer', 'belangenorganisaties', 'verzelfstandiging', 'verkeer en waterstaat']"
internationale solidariteit en migrantenorganisatiesâ€¦; (g)een probleem?,"Verraes, S.",1994-08-01,,Erasmus School of Social and Behavioural Sciences,,"['solidariteit', 'minderheden', 'migranten', 'internationaal beleid', 'gemeenten', 'den haag']"
onderhandelen of inkrimpen?; netwerksturing als alternatief sturingsmodel ten aaanzien van de mest- en ammoniakproblematiek in Noord-Brabant,"Fluit, B.",1994-08-01,,Erasmus School of Social and Behavioural Sciences,,"['noord brabant', 'milieubeleid', 'landbouw', 'neo corporatisme', 'netwerken', 'sturing', 'mest']"
handhaving door flexibiliteit; analyse van een 'ontwikkelingsbedrijf' in ontwikkeling,"Weezel, P. van",1994-08-01,,Erasmus School of Social and Behavioural Sciences,,"['organisatiestructuur', 'rotterdam', 'veranderingsprocessen', 'gemeenten', 'organisatiecultuur']"
samenwerking in de afvalverwijdering; staan we samen sterk?,"Scheerder, J.W.",1994-08-01,,Erasmus School of Social and Behavioural Sciences,,"['netwerktheorie', 'samenwerkingsverbanden', 'afval', 'afvalverwerking', 'randstad', 'publiek private samenwer']"
participatie in beleidsnetwerken; een onderzoek naar de beinvloedingsmogelijkheden van actoren in het besluitvormingsproces,"Nederlof, A.",1994-08-01,,Erasmus School of Social and Behavioural Sciences,,"['beleidsnetwerken', 'participatie', 'besluitvormingsproces', 'actoren', 'rotterdam', 'plan noordrand']"
diagnose van waterspoor; operationele sturing van het instrument waterspoor,"Goossens, C.",1994-08-01,,Erasmus School of Social and Behavioural Sciences,,"['sturing', 'waterhuishouding', 'beleidsproces', 'beleidsinstrumenten']"
"afstand houden en afstand doen; het dilemma van de sturing van milieu, veiligheid en toegankelijkheid van het stads- en streekvervoer","Plezier, L.",1994-08-01,,Erasmus School of Social and Behavioural Sciences,,"['sturing', 'milieu', 'veiligheid', 'verkeer en vervoer', 'sturingsinstrumenten', 'openbaar vervoer']"
zorgzaam en zakelijk; een onderzoek naar de uitvoering van zorgtaken,"Mulder, A.",1994-08-01,,Erasmus School of Social and Behavioural Sciences,,"['sociale dienst', 'beleidsuitvoering', 'zorgtaken']"
milieukwaliteitsdoelstellingen bodem en water; een bestuurskundig onderzoek naar besluitvormingsprocessen bij ecologische normstelling,"Ganesh, S.",1994-08-01,,Erasmus School of Social and Behavioural Sciences,,"['milieukwaliteit', 'besluitvormingsproces', 'configuratietheorie']"
openbaar vervoer in de aanbieding; een onderzoek naar de (on)mogelijkheden van verzel,"Gerke, E.",1994-08-01,,Erasmus School of Social and Behavioural Sciences,,"['openbaar vervoer', 'ret', 'rotterdam', 'vervoerregio', 'rijnmond', 'verzelfstandiging', 'property rights']"
de schelde; van een nationale naar een internationale rivier?,"Raa, D. ten",1994-08-01,,Erasmus School of Social and Behavioural Sciences,,"['grensoverschrijdend', 'samenwerkingsverbanden', 'nederland', 'belgie', 'milieubeleid', 'waterbeleid']"
vluchtelingenhulp; water naar de woestijn dragen? : het bestuur van van vluchtelingenkampen in Oost Ethiopie,"Willemstein, J.",1994-08-01,,Erasmus School of Social and Behavioural Sciences,,"['vluchtelingen', 'vluchtelingenbeleid', 'ethiopie', 'niet westerse landen']"
de resident; succes- en faalfactoren bij pps,"Meerman, E.J.T.",1994-08-01,,Erasmus School of Social and Behavioural Sciences,,"['publiek private samenwer', 'samenwerkingsverbanden', 'onderhandelen']"
wordt er energie gestoken in energiebesparing?; een onderzoek naar de formele en praktische reikwijdte van de wet Milieubeheer,"Groot, S. de",1994-08-01,,Erasmus School of Social and Behavioural Sciences,,"['energiebesparing', 'regelgeving', 'milieubeheer', 'netwerken', 'sturing']"
sturen op afstand; een case study van de verzelfstandigingsoperatie in het beleidsveld Deliquentenzorg en Jeugdinrichtingen,"Ijperen, R. van",1994-08-01,,Erasmus School of Social and Behavioural Sciences,,"['verzelfstandiging', 'sturingsinstrumenten', 'gevangeniswezen']"
de beleidsvorming rond de modernisering van de vestigingswetgeving,"Hoff, K. van 't",1994-08-01,,Erasmus School of Social and Behavioural Sciences,,"['beleidsvorming', 'vestigingswet']"
integraal buurtbeheer; organisatie en informatie,"Hoenderdos, F.J.J.",1994-08-01,,Erasmus School of Social and Behavioural Sciences,,"['informatievoorziening', 'buurtbeheer', 'woonmilieu']"
het cva als intermediaire organisatie; een analyse van de legitimiteit aan de hand van de beeldvorming bij de ambtelijke achterban,"Dekker, M.",1994-08-01,,Erasmus School of Social and Behavioural Sciences,,"['intermediaire organisati', 'arbeidsvoorwaarden', 'gemeenten', 'communicatie', 'beeldvorming']"
concretiseren stroomopwaarts; analyse van het besluitvormingsproces rond natuurg,"Zimmerman, M.L.",1994-08-01,,Erasmus School of Social and Behavioural Sciences,,"['configuratietheorie', 'ecologie', 'besluitvormingsproces', 'milieubeleid']"
belangenbehartiging tussen europluralisme en eurocorporatisme,"Fawzi, T.",1994-08-01,,Erasmus School of Social and Behavioural Sciences,,"['belangenbehartiging', 'pluralisme', 'neo corporatisme', 'europese unie', 'politiek', 'bedrijfsleven', 'richtlijnen']"
productiemeting bij welzijnsinstellingen,"Dijk, E.J. van",1994-08-01,,Erasmus School of Social and Behavioural Sciences,,"['informatievoorziening', 'welzijnswerk', 'produktiemeting']"
organisationeel leren,"Korfage, M.",1994-08-01,,Erasmus School of Social and Behavioural Sciences,,"['organisationeel leren', 'lerende organisatie']"
"voetbalvandalisme, -rellen en rampen; een bestuurskundig onderzoek naar mogelijkheden van een integraal veiligheidsbeleid","Gorsse, M.R.",1994-08-01,,Erasmus School of Social and Behavioural Sciences,,"['veiligheidsbeleid', 'voetbalvandalisme', 'netwerkmanagement']"
intermediaire organisaties in beweging; een case study naar de oorsprong en de ontwikkeling van het Algemeen Verbond Bouwbedrijf,"Gmelig, P.B.",1994-08-01,,Erasmus School of Social and Behavioural Sciences,,"['intermediaire organisatie', 'bouw', 'bouw']"
subsidiesucces; een onderzoek naar factoren bij de toekenning van financiering van haalbaarheidsstudies,"Choy, R.",1994-08-01,,Erasmus School of Social and Behavioural Sciences,,"['subsidie', 'provincie', 'gemeenten', 'zuid holland']"
een rampzalig plan of een rampenplan,"Laumans, B.",1994-08-01,,Erasmus School of Social and Behavioural Sciences,,"['coordinatie', 'rampenbestrijding', 'rotterdam', 'gemeenten', 'rampen']"
telecompetition; a structural and dynamic analysis of the european lobby-game on the liberalization of public voice telephony service,"Toll, R.F. van",1994-08-01,,Erasmus School of Social and Behavioural Sciences,,"['lobbyen', 'brussel', 'ptt', 'belangengroepen', 'europese unie']"
de bestuurlijke samenwerking in het ROA; de mogelijkheden voor amstelveen om het forensisime aan te pakken,"Wenting, G.J.B.M.",1994-08-01,,Erasmus School of Social and Behavioural Sciences,,"['amsterdam', 'netwerktheorie', 'forensisme', 'mobiliteit', 'samenwerkingsverbanden', 'regionale samenwerking', 'stadsprovincie', 'regiobestuur', 'regiovorming']"
structuur en cultuur,"Pijls, N.",1994-08-01,,Erasmus School of Social and Behavioural Sciences,,"['lnv', 'organisatiecultuur', 'organisatiestructuur', 'beleidsvorming', 'bureaupolitieke model', 'landbouwbeleid']"
kwaliteit in zicht?!,"Sturm, M.W.",1994-08-01,,Erasmus School of Social and Behavioural Sciences,,"['kwaliteitszorg', 'organisatiecultuur', 'universiteiten', 'wetenschappelijk onderwi', 'kwaliteitsmanagement']"
"Computer mediated communication and non-governmental
organizations, possibilities and limitations","Inoue, Cristina Y.A.",1993-12-17,['Hamelink Cees'],International Institute of Social Studies,,"['communication', 'information technology', 'NGO', 'networking']"
problemsolving by benefit coalitions; a new approach to an old system,"Bults, N.",1993-08-01,,Erasmus School of Social and Behavioural Sciences,,"['federalisme', 'verenigde staten', 'gezondheidszorg', 'probleemoplossing', 'intergouvernementeel']"
de reclassering vanuit cultureel perspectief,"Vloed, F. van der",1993-08-01,,Erasmus School of Social and Behavioural Sciences,,"['veranderingsprocessen', 'organisatiecultuur', 'organisatieverandering', 'reclassering']"
privatisering watersport rotterdam,"Verlinden, P.",1993-08-01,,Erasmus School of Social and Behavioural Sciences,,"['recreatie', 'privatisering', 'rotterdam', 'watersport', 'sportbeleid', 'besluitvorming']"
the advanced technology program enginering for gaining U.S. competitiveness?,"Loo, W.H. van der",1993-08-01,,Erasmus School of Social and Behavioural Sciences,,"['technologie', 'verenigde staten', 'concurrentie', 'innovatie', 'overheidsbeleid']"
afstand & sturing,"Verhey, T.",1993-08-01,,Erasmus School of Social and Behavioural Sciences,,"['personenvervoer', 'spoorwegen', 'sturing', 'nederlandse spoorwegen', 'verzelfstandiging', 'concessieverlening']"
laat ons evalueren!,"Drummen, F.J.J.",1993-08-01,,Erasmus School of Social and Behavioural Sciences,,"['evaluatie', 'evaluatiemethoden', 'beleidsevaluatie', 'technologiebeleid']"
"de veiligheidsraad, besluitvorming voor vrede","Boon, R.",1993-08-01,,Erasmus School of Social and Behavioural Sciences,,"['verenigde naties', 'besluitvorming', 'militaire interventie', 'vredes operaties', 'internationale politiek']"
"landinrichting, een samenspel van velen; een pluricentrisch perspectief op landinrichting","Bierkens, F.",1993-08-01,,Erasmus School of Social and Behavioural Sciences,,"['besluitvormingsproces', 'ruimtelijke ordening', 'investeringen', 'pluricentrisme', 'landinrichting']"
het bami besluit van bergschenhoek; een bestuurkundige analyse van de besluitvorming over de herziening van de WAO,"Plooij, J.",1993-08-01,,Erasmus School of Social and Behavioural Sciences,,"['arbeidsongeschiktheid', 'besluitvorming', 'wao', 'crisisbesluitvorming', 'politieke crisis']"
"blokkades en rollenspel; symmetrie, geslotenheid en het ontbreken van vervlechting als oorzaak van blokkades?","Gussekloo, E.C.P.",1993-08-01,,Erasmus School of Social and Behavioural Sciences,,"['grootschalige projecten', 'besluitvormingsproces', 'agendavorming', 'bestemmingsplan', 'rollenspel']"
milieu multilateraal; milieutoetsingsbeleid en multilaterale ontwikkelingen,"Leeuwen, H.C. van",1993-08-01,,Erasmus School of Social and Behavioural Sciences,,"['milieu', 'verenigde naties', 'ontwikkelingslanden', 'toetsing', 'multilateraal', 'samenwerking']"
biofuels: de toekomst?; het nationale besluitvormingsproces ten aanzien van een EG-voorstel,"Zoet, J.",1993-08-01,,Erasmus School of Social and Behavioural Sciences,,"['europese gemeenschap', 'nederland', 'milieu', 'energie', 'accijns', 'besluitvormingsproces', 'brandstoffen']"
goed praten en goedpraten; over aria's der haagsche papegaaien,"Veller, P. van",1993-08-01,,Erasmus School of Social and Behavioural Sciences,,"['departementen', 'interactie', 'contingentietheorie', 'voorlichting', 'communicatie', 'overheidsbeleid']"
discussie over kerntaken? een exploratie in Leiderdorp,"Stecher, V.O.M.",1993-08-01,,Erasmus School of Social and Behavioural Sciences,,"['kerntaken', 'gemeenten', 'bedrijfsvoering', 'organisatiestructuren', 'contingentietheorie', 'besluitvorming']"
belasting of ontlasting?; de gevolgen van het btw overgangsstelsel voor de Nederlandse vervoerssector,"Beishuizen, P.T.",1993-08-01,,Erasmus School of Social and Behavioural Sciences,,"['europese gemeenschap', 'belastingen', 'nederland', 'regelgeving', 'goederenvervoer']"
verleden en toekomst van de benelux binnen de Europese Gemeenschap,"Schuffel, H.",1993-08-01,,Erasmus School of Social and Behavioural Sciences,,"['europese gemeenschap', 'benelux', 'internationale politiek']"
voor elkaar,"Stroo, A.",1993-08-01,,Erasmus School of Social and Behavioural Sciences,,"['volkshuisvesting', 'segregatie', 'rotterdam', 'beleidsinstrumenten', 'overheid en samenleving', 'minderheden']"
verzelfstandiging van de dienst landbouwkundig onderzoek,"Oudenaarden, P.I.W.",1993-08-01,,Erasmus School of Social and Behavioural Sciences,,"['verzelfstandiging', 'landbouw', 'overheidsdiensten', 'departementen']"
tussen determinisme en voluntarisme,"Schimmel, G.O.",1993-08-01,,Erasmus School of Social and Behavioural Sciences,,"['veranderingsprocessen', 'overheidsorganisaties', 'strategisch management']"
gedrag en interactie; onderzoek naar het gedrag van gemeenten tijdens de besluitvorming over de aanleg van de Betuweroute,"Schaap, D.",1993-08-01,,Erasmus School of Social and Behavioural Sciences,,"['gemeenten', 'interactie', 'besluitvormingsproces', 'betuwelijn', 'netwerken', 'infrastructuur', 'verkeer en vervoer']"
europese integratie en cultuurbeleid; smeltkroeseffect of pluriformiteitsprincipe?,"Moltmaker, J.",1993-08-01,,Erasmus School of Social and Behavioural Sciences,,"['europese integratie', 'cultuurbeleid', 'europese gemeenschap', 'samenwerkingsverbanden', 'subsidiariteit', 'sturing', 'decentralisatie']"
formele en praktische implementatie van europese afval en waterregelgeving,"Barendse, A.",1993-08-01,,Erasmus School of Social and Behavioural Sciences,,"['europese gemeenschap', 'milieubeleid', 'afvalbeleid', 'waterbeleid', 'milieu', 'implementatie', 'nederland']"
besturen op afstand in het beroepsonderwijs en de volwasseneneducatie,"Elmas, S.P.",1993-08-01,,Erasmus School of Social and Behavioural Sciences,,"['beroepsonderwijs', 'volwasseneneducatie', 'sturing', 'zelfsturing', 'bve', 'wetgeving']"
rampenbestrijding bij onze tegenvoeters,"Verhoef, M.",1993-08-01,,Erasmus School of Social and Behavioural Sciences,,"['netwerken', 'rampen', 'coordinatie', 'interorganisationeel', 'contingentietheorie', 'rampenbestrijding']"
spoorzoeken,"Berg, A.",1993-08-01,,Erasmus School of Social and Behavioural Sciences,,"['verkeer en vervoer', 'sturingsinstrumenten', 'spoorwegen', 'rijksoverheid', 'personenvervoer', 'instrumententheorie', 'netwerken']"
overheidsmanagement en het functioneren van publieke managers,"Noordegraaf, M.",1993-08-01,,Erasmus School of Social and Behavioural Sciences,,"['departementen', 'management', 'overheidsorganisaties', 'ambtenaren', 'effectiviteit', 'overheidsmanagement']"
Convenant tropisch hardhout; een analyse in opdracht van rijkswaterstaat,"Assem, M. van",1993-08-01,,Erasmus School of Social and Behavioural Sciences,,"['convenanten', 'milieu', 'rijkswaterstaat', 'tropisch hardhout']"
beleidsonderzoek en onderzoeksbeleid; de wisselwerking tussen organisatie en benutting van beleidsonderzoek,"Staveren, M.M.A. van",1993-08-01,,Erasmus School of Social and Behavioural Sciences,,"['beleidsonderzoek', 'onderzoeksbeleid', 'departementen', 'rijksoverheid', 'organisatiestructuren']"
"de stad een bedrijf, de bedrijvige stad","Schreck, J.",1993-08-01,,Erasmus School of Social and Behavioural Sciences,,"['citymarketing', 'dordrecht', 'publiek private samenwer', 'stedelijk beleid', 'gemeenten']"
onrendabele lijnen,"Gideonse, W.",1993-08-01,,Erasmus School of Social and Behavioural Sciences,,"['verkeer en vervoer', 'spoorwegen', 'privatisering', 'rijksoverheid', 'sturing', 'samenwerkingsverbanden', 'strategie', 'infrastructuur']"
politie overleg op districtsniveau; een onderzoek naar de districtscolleges in de politieregio Hollands Midden,"Callenfels, J.",1993-08-01,,Erasmus School of Social and Behavioural Sciences,,"['politie', 'sturing', 'besluitvormingsproces', 'reorganisatie']"
organisatiecultuur als veranderingsfactor,"Phiferons, G.J.",1993-08-01,,Erasmus School of Social and Behavioural Sciences,,"['organisatiecultuur', 'organisatieverandering', 'advisering', 'veranderingsprocessen', 'sturing', 'volkshuisvesting']"
het nederlands buitenlands beleid en de weu,"Laan, A.J.M.",1993-08-01,,Erasmus School of Social and Behavioural Sciences,,"['buitenlands beleid', 'west europese unie', 'europese integratie', 'nederland', 'domestic politics model', 'veiligheid', 'defensie']"
samenwerking; mensenwerk,"Peters, L.F.",1993-08-01,,Erasmus School of Social and Behavioural Sciences,,"['gemeenten', 'samenwerkingsverbanden', 'regionaal bestuur', 'wgr', 'complexiteit', 'regio']"
wie leidt de regionale dans?,"Temme, B.",1993-08-01,,Erasmus School of Social and Behavioural Sciences,,"['regionaal bestuur', 'regionale samenwerking', 'samenwerking', 'communicatie', 'collectieve actie', 'bestuurlijke vernieuwing', 'regiovorming']"
bouwen aan brussel; implementatie van EG richtlijnen in de Nederlandse rechtsorde,"Wijdeveld, P.F.L.M.",1993-08-01,,Erasmus School of Social and Behavioural Sciences,,"['eg richtlijnen', 'nederland', 'implementatie', 'nationale wetgeving', 'europese integratie']"
entrepreneurs per express,"Wiarda, G.J.P.",1993-08-01,,Erasmus School of Social and Behavioural Sciences,,"['nederlandse spoorwegen', 'spoorwegen', 'europese gemeenschap', '(capaciteitsmanagement)', 'infrastructuur', '(luchtvaart)', 'verkeer en vervoer']"
personeelsmanagement van de hersenen,"Cleeff, A. van",1993-08-01,,Erasmus School of Social and Behavioural Sciences,,"['personeelsbeleid', 'hrs', 'verzelfstandiging', 'organisatieverandering']"
kengetallen en personeelsplanning?; een vergelijkend onderzoek bij de zakelijke dienstverlenende sector en de non-profit sector,"Vervoort, J.",1993-08-01,,Erasmus School of Social and Behavioural Sciences,,"['kengetallen', 'personeelsbeleid', 'hrs', 'planning', 'dienstensector', 'non profit organisaties', 'bedrijfsleven']"
artikel 26 bankwet 1948; de relatie tussen de nederlansche bank en het ministerie van Financien,"Galje, S.",1993-08-01,,Erasmus School of Social and Behavioural Sciences,,"['bankwezen', 'overheidsfinancien', 'systeemtheorie', 'sturing', 'principal agent', 'wetgeving', 'nederlandsche bank', 'monetair beleid']"
human resource management binnen een overheidsorganisatie; de provincie Zuid-Holland,"Wolf, A. de",1993-08-01,,Erasmus School of Social and Behavioural Sciences,,"['overheidsorganisaties', 'hrs', 'personeelsbeleid']"
survival of the fitting; een organisatie-ecologische beschouwing van strategische interactieprocessen in het goederenvervoer per spoor,"Sabben, M. van",1993-08-01,,Erasmus School of Social and Behavioural Sciences,,"['goederenvervoer', 'europese gemeenschap', 'nederlandse spoorwegen', 'betuwelijn', 'strategie', 'veranderingsprocessen', 'spoorwegen']"
leren democratiseren?,"Oostlander, J.J.",1993-08-01,,Erasmus School of Social and Behavioural Sciences,,"['sovjet unie', 'nederland', 'buitenlands beleid', 'onderwijsbeleid', 'netwerktheorie']"
strategie ontwikkeling in bibliotheekorganisaties; de markt in zicht!,"Klep, E.",1993-08-01,,Erasmus School of Social and Behavioural Sciences,,"['strategieontwikkeling', 'openbare bibliotheken', 'veranderingsprocessen', 'strategisch management', 'bedrijfsvoering']"
sporen naar verandering,"Vries, G. de",1993-08-01,,Erasmus School of Social and Behavioural Sciences,,"['personenvervoer', 'spoorwegen', 'duitsland', 'besluitvormingsproces', 'regiovorming', 'verkeer en vervoer', 'veranderingsprocessen', 'infrastructuur']"
kwaliteit van de arbeid van de groepsleiding binnen kinder- en jeugdpsychiatrie; upgrading of verdringing?,"Hartman, H.",1993-08-01,,Erasmus School of Social and Behavioural Sciences,,"['gezondheidszorg', 'opleidingen', 'onderwijs en arbeid']"
de havo dekaan; wegwijzer of wegversperring?,"Hor, C. van der",1993-08-01,,Erasmus School of Social and Behavioural Sciences,,"['voortgezet onderwijs', 'dekanaat', 'meisjes', 'exacte vakken']"
academica zoekt werk; een sociologisch onderzoek naar de wijze waarop academisch opgeleide vrouwen zoeken naar een nieuwe baan,"Seiffers, M.",1993-08-01,,Erasmus School of Social and Behavioural Sciences,,"['vrouwen', 'loopbaan', 'arbeidsparticipatie', 'arbeidsmarktgedrag']"
arbeidsallocatie en positieve actie; een onderzoek naar de arbeidsaanpassing van allochtonen bij het Rotterdams politiekorps,"Krieken, A. van",1993-08-01,,Erasmus School of Social and Behavioural Sciences,,"['minderheden', 'rotterdam', 'politie', 'positieve actie', 'arbeidsmarkt', 'allocatie']"
het herstructureringsspel in overschie,"Verhagen, M.",1993-08-01,,Erasmus School of Social and Behavioural Sciences,,"['beleidsnetwerken', 'volkshuisvesting', 'rotterdam', 'stedelijke vernieuwing', 'sturing', 'interactie', 'besluitvormingsproces']"
professionele bureaucratieen leren niet zomaar...,"Goezinne, B.",1993-08-01,,Erasmus School of Social and Behavioural Sciences,,"['bureaucratie', 'veranderingsprocessen', 'adhocratie', 'leervermogen', 'openbaar ministerie', 'lerende organisatie']"
het multilateraal cultuurbeleid,"Tops, A.",1993-08-01,,Erasmus School of Social and Behavioural Sciences,,"['cultuurbeleid', 'europese gemeenschap', 'nederland', 'samenwerking', 'domestic politics model', 'internationale politiek', 'europese integratie']"
de organisatie in haar omgeving,"Hartendorp, C.",1993-08-01,,Erasmus School of Social and Behavioural Sciences,,"['contingentietheorie', 'departementen', 'strategie', 'organisatiestructuur', 'organisatiecultuur']"
de universele uitdaging; met internationale milieusamenwerking naar een duurzame groei,"Galen, M. van",1993-08-01,,Erasmus School of Social and Behavioural Sciences,,"['milieu', 'samenwerkingsverbanden', 'internationale organisat', 'duurzame ontwikkeling', 'europese gemeenschap', 'verenigde naties', 'oeso']"
woningcorporaties in beweging,"Sprundel, M. van",1993-08-01,,Erasmus School of Social and Behavioural Sciences,,"['woningcorporaties', 'volkshuisvesting', 'rotterdam', 'overheidsbeleid', 'verzelfstandiging', 'beleidsvrijheid']"
stedenband den haag - warschau; studie naar de samenwerking in een transnationaal netwerk,"Campen, B. van",1993-08-01,,Erasmus School of Social and Behavioural Sciences,,"['samenwerkingsverbanden', 'steden', 'oost europa', 'netwerktheorie', 'stedenbanden', 'internationaal beleid']"
de verzakelijking van de lokale overheid; de gemeenten worstelen met hun gespleten persoonlijkheid,"Stadman, R.J.",1993-08-01,,Erasmus School of Social and Behavioural Sciences,,"['gemeenten', 'bedrijfsleven', 'interne organisatie', 'strategische planning']"
hoe is het weer in europa?,"Manschot, E.",1993-08-01,,Erasmus School of Social and Behavioural Sciences,,"['europese gemeenschap', 'milieu', 'nederland', 'milieu onderzoekbeleid', 'beleid', 'sturing']"
gemeentelijke dienstverlening en servicecentra,"Burggraaf, L.",1993-08-01,,Erasmus School of Social and Behavioural Sciences,,"['overheid en samenleving', 'gemeenten', 'dienstverlening', 'burgers']"
het red en het map,"Tol, H.C.A.M. van",1993-08-01,,Erasmus School of Social and Behavioural Sciences,,"['contingentietheorie', 'energie', 'milieu', 'energiebesparing', 'organisatiestructuren']"
nederland en de commission for social development; 1946-1992,"Steijger, K.A.M.",1993-08-01,,Erasmus School of Social and Behavioural Sciences,,"['nederland', 'verenigde naties', 'internationale politiek', 'buitenlands beleid']"
de cost gaet voor de baet uyt.,"Schellekens, J.C.N.",1993-08-01,,Erasmus School of Social and Behavioural Sciences,,"['kop van zuid', 'overheid', 'motivatie', 'sturing', 'interactie', 'social return', 'rotterdam', 'stedelijke vernieuwing', 'investeringen']"
overheidssteun en scheepsbouw,"Driece, R.",1993-08-01,,Erasmus School of Social and Behavioural Sciences,,"['scheepsbouw', 'overheidssteun', 'internationale politiek', 'beleidsinstrumenten']"
olympische netwerken; oven ontwikkeling en sturing van complexe netwerken,"Molin, K.G.C.",1993-08-01,,Erasmus School of Social and Behavioural Sciences,,"['netwerken', 'samenwerkingsverbanden', 'sturing', 'sturingsinstrumenten', 'verzelfstandiging', 'sportbeleid']"
onderneem het maar in Leiden; een effectiviteitsanalyse van de Stichting Werkgelegenheid Leiden,"Bergh, J. van den",1993-08-01,,Erasmus School of Social and Behavioural Sciences,,"['effectiviteitsananlyse', 'werkloosheid', 'leiden', 'gemeenten', 'netwerktheorie', 'startende ondernemers', 'arbeidsvoorziening']"
een oordeel over internationale intergemeentelijke; the european city league in dordrecht en granada,"Hopman, N.",1993-08-01,,Erasmus School of Social and Behavioural Sciences,,"['samenwerkingsverbanden', 'gemeenten', 'evaluatie', 'netwerken', 'internationale samenwerk', 'steden']"
de afstemmingsproblemen ten aanzien van het bedrijfsterreinenbeleid; Gemeente Rotterdam en Capelle a/d IJsel: oorzaak en gevolg,"Pijlman, L.",1993-08-01,,Erasmus School of Social and Behavioural Sciences,,"['gemeenten', 'rotterdam', 'capelle aan den ijssel', 'regiovorming', 'bedrijfsterreinen', 'rijnmond', 'regionaal bestuur', 'netwerktheorie', 'contingentietheorie']"
bestuur in verandering; een grondzaak?,"Venekamp, M.",1993-08-01,,Erasmus School of Social and Behavioural Sciences,,"['euregio', 'samenwerkingsverbanden', 'nederland', 'belgie', 'netwerktheorie', 'bureaupolitieke model']"
"afval is geen milieuprobleem, afval is gewoon geld","Peels, L.",1993-08-01,,Erasmus School of Social and Behavioural Sciences,,"['afval', 'milieu', 'randstad', 'samenwerkingsverbanden', 'interorganisatietheorie']"
policy arrangements; attraction & retention of enterprises in cities,"Matthee, R.",1993-08-01,,Erasmus School of Social and Behavioural Sciences,,"['bedrijfsleven', 'steden', 'arrangementen', 'samenwerkingsverbanden', 'citymarketing', 'stedelijke ontwikkeling']"
unesco als arena van internationale politiek; de noodzaak tot hervormingen,"Riem Vis, C.",1993-08-01,,Erasmus School of Social and Behavioural Sciences,,"['unesco', 'verenigde naties', 'reorganisatie', 'interne organisatie', 'personeelsbeleid', 'organisatiestructuur', 'internationale politiek']"
parential problems of an unborn child,"Pijpers, B.M.J.",1993-08-01,,Erasmus School of Social and Behavioural Sciences,,"['europese gemeenschap', 'milieubeleid', 'verpakkingsconvenant', 'afval', 'verpakkingen']"
verdeling verdeelt,"Dijk, E. van",1993-08-01,,Erasmus School of Social and Behavioural Sciences,,"['informatievoorziening', 'wetgeving', 'regelgeving', 'overheidsbeleid', 'decentralisatie', 'kadaster']"
geintegreerde thuiszorg; een onderzoek naar de integratie tussen kruiswerk en gezinsverzorging,"Lange, S. de",1993-08-01,,Erasmus School of Social and Behavioural Sciences,,"['thuiszorg', 'gezondheidszorg', 'dienstverlening', 'reorganisatie', 'fusie']"
diagnosing diagnoses; een onderzoek naar de benaderingen van organisatiediagnose van Twijnstra Gudde,"Wilschut, H.P.",1993-08-01,,Erasmus School of Social and Behavioural Sciences,,"['organisatiediagnose', 'organisatietheorie', 'overheid', 'bedrijfsleven', 'methoden en technieken', 'diagnostisch proces']"
the power to produce reality; societal steering from configurations to institutions,"Straatman, M.",1993-08-01,,Erasmus School of Social and Behavioural Sciences,,"['sturing', 'configuratietheorie', 'economisch beleid', 'sociale processen']"
een verzelfstandigde kustwacht; schipperen tussen maatschappelijke wenselijkheid en politiek/ambtelijke haalbaarheid,"Noordsij, R.",1993-08-01,,Erasmus School of Social and Behavioural Sciences,,"['verzelfstandiging', 'kustwacht', 'doelmatigheid', 'effectiviteit', 'organisatieverandering', 'organisatiestructuren']"
schengen en dublin; Nederland in internationale onderhandelingen,"Vlist, F. van der",1993-08-01,,Erasmus School of Social and Behavioural Sciences,,"['besluitvorming', 'schengen', 'asiel', 'internationale politiek', 'nederland', 'onderhandelen', 'west europa', 'immigratiebeleid']"
veranderingen in en om woningcorporaties,"Dekker, H.",1993-08-01,,Erasmus School of Social and Behavioural Sciences,,"['woningcorporaties', 'organisatiestructuren', 'volkshuisvesting', 'veranderingsprocessen']"
een beleidsevaluatie van het positief actiebeleid;  bij de koninklijke landmacht,"Matser, F.
     and 
    
  


Frankes, H.W.",1992-08-01,,Erasmus School of Social and Behavioural Sciences,,"['beleidsevaluatie', 'positieve actie', 'vrouwen', 'minderheden', 'defensie', 'werving en selectie']"
sociotechnisch herontwerp bij unitcentre,"Spanjersberg, H.",1992-08-01,,Erasmus School of Social and Behavioural Sciences,,"['sociotechniek', 'organisatieverandering']"
amsterdam naar het IJ; to be a PPP or not to be a PPP,"Wegberg, P.",1992-08-01,,Erasmus School of Social and Behavioural Sciences,,"['publiek private samenwer', 'ruimtelijke ordening', 'samenwerkingsverbanden', 'interorganisatietheorie']"
neusje van de zalm ?; over prestaties aan het europees universitair instituut in Florence,"Wijers, I.P.W.I.",1992-08-01,,Erasmus School of Social and Behavioural Sciences,,"['hoger onderwijs', 'effectiviteit', 'europese gemeenschap', 'prestatieindicatoren']"
een vast dienstverband wordt niet uitgesloten,"Honee, E.R.",1992-08-01,,Erasmus School of Social and Behavioural Sciences,,"['flexibilisering', 'arbeid', 'arbeidsverhoudingen', 'catering']"
milieubewust omgaan met huishoudelijke apparaten; een case study naar techniek als object van socialisatie,"Dockhorn, I.",1992-08-01,,Erasmus School of Social and Behavioural Sciences,,"['duurzame ontwikkelingen', 'technische apparaten', 'milieubeleid']"
personeelsbeleid en de interne arbeidsmarkt:; een onderzoek naar werving en selectie bij K&I Nederland,"Visser, K.",1992-08-01,,Erasmus School of Social and Behavioural Sciences,,"['interne arbeidsmarkt', 'personeelsbeleid', 'werving en selectie']"
"ontwikkelingstheorieen, technologie en ontwikkelingssamenwerking","Mascini, P.",1992-08-01,,Erasmus School of Social and Behavioural Sciences,,"['ontwikkelingsbeleid', 'swomp model', 'ontwikkelingstheorie']"
"politieel marktonderzoek onder forensen; totstandkoming, uitkomsten en potentiele impact van marktonderzoek onder forensen","Coninck, E. de",1992-08-01,,Erasmus School of Social and Behavioural Sciences,,"['politie', 'forensisme', 'klantgerichtheid']"
flexibilisering in het nederlandse bedrijf; een nadere beschouwing van het flexibiliseringsproces,"Bas, F. van der",1992-08-01,,Erasmus School of Social and Behavioural Sciences,,"['flexibilisering', 'technologie', 'arbeidsproces', 'organisatieverandering']"
laat mij vrij!; een onderzoek naar sexuele intimidatie in de P.I. de Schie te Rotterdam,"Bakx, G.F.M.",1992-08-01,,Erasmus School of Social and Behavioural Sciences,,['sexuele initmidatie']
schoolkeuzemotieven van allochtone ouders,"Hooymans, M.",1992-08-01,,Erasmus School of Social and Behavioural Sciences,,"['schoolkeuze', 'minderheden', 'basisonderwijs']"
basisvorming en lichamelijke opvoeding,"Panman, A.C.",1992-08-01,,Erasmus School of Social and Behavioural Sciences,,"['onderwijsbeleid', 'lichamelijke opvoeding', 'basisvorming']"
innovatiegerichte onderzoeksprogramma's als tweede generatie sturingsinstrument,"Voort, M. van der",1992-08-01,,Erasmus School of Social and Behavioural Sciences,,"['technologiebeleid', 'innovatieproces', 'beleidsinstrumenten', 'subsidie']"
leiband of leidraad?; het algemeen verbindend verklaren van cao bepaling,"Stolk, J.",1992-08-01,,Erasmus School of Social and Behavioural Sciences,,"['cao', 'arbeidsvoorwaarden', 'arbeidsverhoudingen', 'arbeidsmarkt']"
beslissingsondersteunende systemen in een organisationeel perspectief,"Cozzi, C.B.",1992-08-01,,Erasmus School of Social and Behavioural Sciences,,"['decision support system', 'besluitvorming']"
de europese markt voor overheidsopdrachten; de praktische betekenis van communautaire richtlijn,"Sandberg, E.R.",1992-08-01,,Erasmus School of Social and Behavioural Sciences,,"['europese gemeenschap', 'overheidsopdrachten', 'sturing', 'beleidsinstrumenten']"
de financiele beheersbaarheid van ouderen- en gehandicaptenvervoer in Rotterdam,"Steijger, F.R.M.",1992-08-01,,Erasmus School of Social and Behavioural Sciences,,"['personenvervoer', 'lokaal bestuur', 'subsidie']"
verschillen tussen banenpools in nederland; de samenhang met het netwerk,"Brouwer, O.G.",1992-08-01,,Erasmus School of Social and Behavioural Sciences,,"['banenpools', 'werklozen', 'arbeidsmarkt']"
effectiviteit van het samenwerkingsverband het; 'regional transportation authority system' in northeastern Illinois,"Olsen, I.",1992-08-01,,Erasmus School of Social and Behavioural Sciences,,"['verenigde staten', 'samenwerkingsverband', 'effectiviteit', 'openbaar vervoer']"
gemeenten en externe integratie van milieubeleid; een kwestie van leren,"Wagemakers, K.",1992-08-01,,Erasmus School of Social and Behavioural Sciences,,"['gemeenten', 'milieubeleid', 'leerproces']"
van appelflap tot amandelbroodje,"Meuldijk, H.I.",1992-08-01,,Erasmus School of Social and Behavioural Sciences,,"['reorganisatie', 'reclassering']"
bestuur en theorie,"Thaens, M.",1992-08-01,,Erasmus School of Social and Behavioural Sciences,,"['stedelijke gebieden', 'bestuurlijke vernieuwing', 'beleidstheorie', 'bestuurstheorie', 'evaluatie', 'bestuurlijke organisatie']"
een nieuwe bril; een andere kijk op klantgericht werken van een gemeente,"Boshouwers, R.A.",1992-08-01,,Erasmus School of Social and Behavioural Sciences,,"['klantgerichtheid', 'gemeenten', 'informatisering', 'utrecht', 'bureaucratie']"
gemeentelijke beleidsvrijheid bij de decentralisatie-operatie van het Rijk,"Geuzendam, H.M.",1992-08-01,,Erasmus School of Social and Behavioural Sciences,,"['decentralisatie', 'overheid', 'bestuurlijke vernieuwing', 'gemeenten', 'beleidsvrijheid']"
overheidssturing;; nader bezien sturen in het beleidsveld van de bodemsanering,"Wijnbergen, A.E. van",1992-08-01,,Erasmus School of Social and Behavioural Sciences,,"['sturing', 'bodemsanering', 'beleidsinstrumenten']"
de PBTS; programmatisch of problematisch?,"Oude Avenhuis, A.A.W.",1992-08-01,,Erasmus School of Social and Behavioural Sciences,,"['technologiebeleid', 'subsidie']"
hoogvliet; rotterdams of niet?,"Smaalen, W. van",1992-08-01,,Erasmus School of Social and Behavioural Sciences,,"['verzelfstandiging', 'deelgemeente', 'public choice']"
samen voor het doel,"Versteeg, A.",1992-08-01,,Erasmus School of Social and Behavioural Sciences,,"['gemeenten', 'efficientie', 'effectiviteit', 'beleidsvorming', 'advisering']"
informatieplanning in de praktijk,"Suy, G.",1992-08-01,,Erasmus School of Social and Behavioural Sciences,,"['informatieplanning', 'evaluatie', 'bedrijfsleven']"
het openbaar vervoer beleid van de lagere en hogere overheid,"Lafleur, R.",1992-08-01,,Erasmus School of Social and Behavioural Sciences,,"['besluitvormingsproces', 'openbaar vervoer', 'beleid']"
samen in zee,"Grootscholten, C.E.A.C.",1992-08-01,,Erasmus School of Social and Behavioural Sciences,,"['samenwerking', 'besluitvorming', 'organisatiestructuur', 'kustuitbreiding']"
quality take off; een onderzoek naar organisatieveranderingen en het,"Hofman, C.",1992-08-01,,Erasmus School of Social and Behavioural Sciences,,"['kwaliteit', 'kwaliteitszorg', 'interne organisatie', 'sociotechniek', 'organisatieverandering']"
NS goederenvervoer; sporen naar de toekomst met een flexibele organisatie,"Ridder, M.M.M. de",1992-08-01,,Erasmus School of Social and Behavioural Sciences,,"['systeemleer', 'contingentietheorie', 'goederenvervoer', 'veranderingsproces']"
verpakkers en verpakkingen; het beleidsvormingsproces ten aanzien van (milieu)concept-richtlijnen binnen de Europese Commissie,"Stavast, C.",1992-08-01,,Erasmus School of Social and Behavioural Sciences,,"['milieu', 'europese gemeenschap', 'beleidsvorming', 'afval']"
samenwerking in een grenzeloos europa,"Lambrechts, K.",1992-08-01,,Erasmus School of Social and Behavioural Sciences,,"['gemeenten', 'samenwerking', 'netwerktheorie', 'europese gemeenschap']"
de lessen van tsjernobyl; civiel-nucleaire crisisbeheersing op nationaal en internationaal niveau,"Brinkman, N.",1992-08-01,,Erasmus School of Social and Behavioural Sciences,,"['leerproces', 'crisismanagement', 'risico', 'oost europa', 'preventie']"
de prijs voor vastgoedinformatie of het profijtbeginsel als leidraad,"Rooijen, J.H. van",1992-08-01,,Erasmus School of Social and Behavioural Sciences,,"['profijtbeginsel', 'vastgoed', 'gemeenten', 'informatievoorziening']"
de stille kracht; een analyse van de invloed van de europese gemeenschap,"Hamelink, E.",1992-08-01,,Erasmus School of Social and Behavioural Sciences,,"['europese gemeenschap', 'vrouwen', 'voorzieningen', 'regelgeving']"
"""politie"" interactie in een spoorwegnet","Dekker, L.C.J.",1992-08-01,,Erasmus School of Social and Behavioural Sciences,,"['politie', 'criminaliteit', 'spoorwegen', 'samenwerking', 'interorganisatietheorie']"
beginnende gaatjes in de tandzorg-markt; op weg naar een klantgerichtere jeugdtandzorg,"Engwirda, I.
     and 
    
  


Rotteveel, P.",1992-08-01,,Erasmus School of Social and Behavioural Sciences,,"['jeugd', 'klantgerichtheid', 'interne organisatie', 'netwerken', 'marketing', 'gezondheidszorg']"
"europa en het milieu in nederland, denemarken en finland; een kwestie van bestuurlijke herinrichting?","Loosdrecht, K. van",1992-08-01,,Erasmus School of Social and Behavioural Sciences,,"['milieu', 'europese gemeenschap', 'wetgeving', 'milieubeleid', 'bestuurlijke organisatie', 'implementatie']"
twee stromen uit een bron,"Keijzer, B. de",1992-08-01,,Erasmus School of Social and Behavioural Sciences,,"['gemeenten', 'vernieuwingsproces', 'collectieve sector', 'kwaliteit', 'verenigde staten']"
knelpunten in een proces van europese subsidieverlening; de rol van intermediaire organisaties.,"Sol, C.Van.",1992-08-01,,Erasmus School of Social and Behavioural Sciences,,"['intermediaire organisati', 'subsidie', 'gemeenten', 'europese gemeenschap', 'regionale ontwikkeling']"
the anti fraud policy in the ec; an evaluation,"Ubachs, G.L.A.",1992-08-01,,Erasmus School of Social and Behavioural Sciences,,"['europese gemeenschap', 'fraude', 'beleidsevaluatie']"
naar een nieuwe bestuursorganisatie op sint-maarten (n.a.),"Arts, X.",1992-08-01,,Erasmus School of Social and Behavioural Sciences,,"['nederlandse antillen', 'sturing']"
een hele onderneming.....,"Bosma, M.",1992-08-01,,Erasmus School of Social and Behavioural Sciences,,"['dordrecht', 'bedrijfsvoering', 'gemeenten', 'organisatiestructuur', 'organisatiecultuur']"
parkeerbeleid; pluriform geparkeerd,"Starre, M. van der",1992-08-01,,Erasmus School of Social and Behavioural Sciences,,"['verkeer en vervoer', 'netwerktheorie', 'pluriformiteit', 'samenwerkingsverbanden']"
bestuurlijke belemmeringen stadsdistributiecentra,"Roovers, C.",1992-08-01,,Erasmus School of Social and Behavioural Sciences,,"['verkeer en vervoer', 'distributie', 'sturing', 'sturingsinstrumenten', 'stedelijk beleid']"
fair market value; a change for the better ?,"Slootmaker, J.H.",1992-08-01,,Erasmus School of Social and Behavioural Sciences,,"['belastingen', 'systeemtheorie', 'controleleer', 'verenigde staten']"
programma opvolging op organisatieniveau,"Sedee, R.",1992-08-01,,Erasmus School of Social and Behavioural Sciences,,"['niet-westerse landen', 'beleidsverandering', 'projectorganisaties', 'instrumenten']"
spel zonder grenzen; met een spelsimulatie op weg naar vernieuwing,"Huffelen, A.C. van",1992-08-01,,Erasmus School of Social and Behavioural Sciences,,"['rijksgebouwendienst', 'spelsimulatie', 'veranderingsprocessen']"
directe regulering ?,"Dieleman, F.",1992-08-01,,Erasmus School of Social and Behavioural Sciences,,"['beleidsinstrumenten', 'milieu', 'wetgeving', 'vergunning']"
mogelijkheden tot departementale uitgavenbeheersing; kan FEZ effectief sturen ?,"Geraedts, M.A.M.",1992-08-01,,Erasmus School of Social and Behavioural Sciences,,"['financieel management', 'departementen']"
gemeentelijke samenwerking; bestuurskundig onderzoek naar het proces van gemeente,"Huising, P.",1992-08-01,,Erasmus School of Social and Behavioural Sciences,,"['samenwerkingsverbanden', 'gemeenten']"
de economische potenties van de krimpenerwaardse l; een onderzoek naar de bruikbaarheid van citymarket,"Couperus, W.R.",1992-08-01,,Erasmus School of Social and Behavioural Sciences,,"['krimpenerwaard', 'regionale ontwikkeling', 'citymarketing']"
"de europese structuurfondsen, tussen bedoeling en realisering","Roijen, M.",1992-08-01,,Erasmus School of Social and Behavioural Sciences,,"['beleidsinstrumenten', 'subsidie', 'europese gemeenschappen', 'structuurfondsen']"
"zelfbeheer en beheersbaarheid bij meob, bw en rijkswerf","Obbink, N.S.T.",1992-08-01,,Erasmus School of Social and Behavioural Sciences,,"['zelfbeheer', 'bedrijfsvoering', 'beheersbaarheid', 'koninklijke marine']"
beheersing door beheer?; een onderzoek naar fasenmodellen van budgettiar gedrag,"Burg, K. van der",1992-08-01,,Erasmus School of Social and Behavioural Sciences,,"['overheidsuitgaven', 'beheersbaarheid', 'financieel management', 'budgettering']"
ontwapening en ontwikkeling in de derde wereld; mogelijk-en moeilijkheden van ontwikkelingshulp,"Lamberts, M.H.",1992-08-01,,Erasmus School of Social and Behavioural Sciences,,"['beleidsinstrumenten', 'ontwikkelingshulp', 'ontwapening']"
de ontwikkeling van de GATT; nationale en internationale factoren achter regime,"Borg, L.",1992-08-01,,Erasmus School of Social and Behavioural Sciences,,"['two level game', 'hegemonic model', 'gatt', 'regime verandering']"
IMF-programma's; gif of medicijn ? een beleidsevaluatie van het IMF,"Geest, L.B.J. van",1992-08-01,,Erasmus School of Social and Behavioural Sciences,,"['beleidsevaluatie', 'imf']"
Implementatie produktenbegroting in gemeentelijke organisaties,"Agunbero, M.M.",1992-08-01,,Erasmus School of Social and Behavioural Sciences,,"['produktenbegroting', 'gemeenten', 'budgettering']"
vormgeven aan kwaliteit,"Werk, A. van de",1992-08-01,,Erasmus School of Social and Behavioural Sciences,,"['netwerken', 'lokaal bestuur', 'stedebouw', 'architectuur', 'ruimtelijke kwaliteit', 'sturing']"
nederlandse handelspolitiek,"Lindaart, H-j.",1992-08-01,,Erasmus School of Social and Behavioural Sciences,,"['handelspolitiek', 'golfstaten', 'europese gemeenschap', 'vrijhandelsakkoord']"
"waterbeleid, gestroomlijnd ?","Nugteren, S.",1991-08-01,,Erasmus School of Social and Behavioural Sciences,,"['waterbeleid', 'beleidsinstrumenten', 'drente', 'waterschappen', 'toezicht', 'planning']"
herplaatsing nader bekeken,"Sloot, J.H. van der",1991-08-01,,Erasmus School of Social and Behavioural Sciences,,"['personeelsbeleid', 'herplaatsing', 'hrs', 'organisatiecultuur']"
rationalisering van het begrotingsproces; een agency-theoretisch perspectief,"Pluijm, J.A.C. van der",1991-08-01,,Erasmus School of Social and Behavioural Sciences,,"['begrotingsproces', 'principal agent', 'agency theorie', 'begrotingsinstrumenten']"
fusie ..... een belofte voor de toekomst?,"Groenendijk-alders, E.E.",1991-08-01,,Erasmus School of Social and Behavioural Sciences,,"['arbeid en organisatie', 'fusie', 'organisatiecultuur', 'organisatiesociologie']"
handhaving van het mededingingsbeleid,"Hooft, J.F.E. van der",1991-08-01,,Erasmus School of Social and Behavioural Sciences,,"['mededingingsbeleid', 'handhaving', 'wetgeving']"
politiewerk in beeld; een participerend onderzoek naar de beroepscultuur,"Torre, E. van der",1991-08-01,,Erasmus School of Social and Behavioural Sciences,,"['beroepscultuur', 'politie', 'prostitutie', 'rotterdam', 'beleidsuitvoering']"
informatiebeleid in contrast,"Vriesde, R.",1991-08-01,,Erasmus School of Social and Behavioural Sciences,,"['informatiebeleid', 'informatieplanning', 'informatisering', 'justitie']"
de instrumenten van het bedrijfsinterne milieuzorgbeleid,"Uijlebroek, J.J.M.",1991-08-01,,Erasmus School of Social and Behavioural Sciences,,"['instrumenten', 'milieubeleid', 'provincies', 'bedrijfsleven', 'milieuzorg']"
slufter ofwel schlickhugel; de berging van baggerspecie in of op de aarde,"Smits, C.",1991-08-01,,Erasmus School of Social and Behavioural Sciences,,"['interorganisatietheorie', 'besluitvormingsproces', 'rotterdam', 'hamburg', 'netwerken', 'haven']"
de symbolische realiteit van de recrutering van hoger opgeleiden,"Wijnberg, S.C.",1991-08-01,,Erasmus School of Social and Behavioural Sciences,,"['werving en selectie', 'sollicitatie', 'personeelsbeleid']"
sociale simulatie als leermethode in organisatie-veranderingsprocessen,"Griend, C. van de",1991-08-01,,Erasmus School of Social and Behavioural Sciences,,"['organisatieverandering', 'simulatie', 'speltheorie', 'sociale processen']"
de relatie tussen beleidsvrijheid en clientgerichtheid,"Klingens, R.",1991-08-01,,Erasmus School of Social and Behavioural Sciences,,"['beleidsvrijheid', 'klantgerichtheid', 'sociale vernieuwing', 'beleidsuitvoering']"
een gezonde beleidsvrijheid,"Scheffer, R.F.",1991-08-01,,Erasmus School of Social and Behavioural Sciences,,"['beleidsvrijheid', 'beleidsuitvoering', 'gezondheidszorg', 'decentralisatie', 'opleidingen']"
de slag bij rijswijk (1979-1990); tien jaar oorlog om cultuur,"Wagenmaker, P.",1991-08-01,,Erasmus School of Social and Behavioural Sciences,,"['cultuur', 'bureaupolitiek', 'besluitvormingsproces', 'cultuurbeleid', 'buitenlands beleid']"
"heroverwegingen in de volkshuisvesting, ruimtelijke orderning van 1981 tot 1990","Noort, R.H. van de",1991-08-01,,Erasmus School of Social and Behavioural Sciences,,['heroverweging']
de reorganisaties bij de provinciale ambtelijke organisaties; een evaluatie vanuit het contingentie-denken,"Hoevers, M.J.W.",1991-08-01,,Erasmus School of Social and Behavioural Sciences,,"['provincies', 'reorganisatie', 'contingentie-theorie']"
"Europese integratie van studiefinancieringsstelsels, haalbaar of onmogelijk","Graaf, M. de",1991-08-01,,Erasmus School of Social and Behavioural Sciences,,"['europese gemeenschap', 'europese integratie']"
nederlandse gemeenten en de gevolgen van de europese eenwording,"Eikenboom, A.",1991-08-01,,Erasmus School of Social and Behavioural Sciences,,"['gemeenten', 'europese integratie', 'gemeentebeleid']"
privatisering en organisatiecultuur,"Bruijne, J. de",1991-08-01,,Erasmus School of Social and Behavioural Sciences,,"['privatisering', 'organisatiecultuur']"
EEA ooit EPA ?,"Vermeulen, G.",1991-08-01,,Erasmus School of Social and Behavioural Sciences,,"['milieubeleid', 'europese gemeenschap']"
een onderzoek naar de methode ter reconstructie van de veronderstellingen; die ten grondslag liggen aan beleid,"Dort, A.C. van",1991-08-01,,Erasmus School of Social and Behavioural Sciences,,"['beleidstheorie', 'onderzoek', 'vrijwilligerswerk']"
"tradition, transformation, temporisation, turbulen; towards a unitary market in european aviation","Wel, J.W. van 't",1991-08-01,,Erasmus School of Social and Behavioural Sciences,,"['europese integratie', 'europese gemeenschap', 'luchtvaart']"
communicatie als instrument in het sociale vernieuwingsbeleid; meerwaarde in het beleidsproces?,"Steijn, C.M.",1991-08-01,,Erasmus School of Social and Behavioural Sciences,,"['communicatie', 'beleidsinstrumenten', 'beleidsproces', 'sociale vernieuwing']"
het bestuur blijft de baas,"Engberts, C.",1991-08-01,,Erasmus School of Social and Behavioural Sciences,,"['verzelfstandiging', 'privatisering', 'autonomie', 'rijksmusea']"
lerende scholen; het vermogen van scholen voor middelbaar beroepsonderwijs,"Nipperus, A.",1991-08-01,,Erasmus School of Social and Behavioural Sciences,,"['schoolorganisatie', 'reorganisatie', 'veranderingsproces', 'lerende organisatie']"
flexibiliteit van de defensiebegroting en bezuinigingen op defensie,"Zwieten, M.T.W. van",1991-08-01,,Erasmus School of Social and Behavioural Sciences,,"['defensie', 'departementen', 'bezuiniging', 'financieel beheer']"
de aansluiting tussen het onderwijs en de arbeidsmarkt; een leerzaam traject,"Manusama, J.J.",1991-08-01,,Erasmus School of Social and Behavioural Sciences,,"['arbeidsmarkt', 'onderwijs en arbeid', 'netwerken']"
bedrijfsvoeringsconcept; een manier van werken binnen de gemeente als alternatief voor het BBI-project,"Wemmenhove, P.",1991-08-01,,Erasmus School of Social and Behavioural Sciences,,"['bedrijfsvoering', 'doelmatigheid', 'begrotingscyclus', 'gemeentewet', 'lokaal bestuur', 'gemeenten']"
de milieuaansprakelijkheid; toekomstig instrument van het milieugerichte produktenbeleid,"Wagenaar, A.J.",1991-08-01,,Erasmus School of Social and Behavioural Sciences,,"['beleidsinstrumenten', 'instrumententheorie', 'milieubeleid', 'aansprakkelijkheid', 'milieuwetgeving', 'produktenbeleid']"
een multinational in egypte; een sociologische analyse van de culturele diversiteit,"Szachnowski, M.J.",1991-08-01,,Erasmus School of Social and Behavioural Sciences,,"['multinational', 'egypte', 'cultuur', 'organisatiesociologie', 'organisatiecultuur', 'culturele communicatie']"
budgetteren van voorlichtingsactiviteiten bij de informatiseringsbank,"Koreneef, L.A.",1991-08-01,,Erasmus School of Social and Behavioural Sciences,,"['informatiseringsbank', 'budgettering', 'voorlichting', 'contractmanagement']"
A Feminist Critique of Social Work in the Philippines,"Lopez - Rodriguez, Luz",1990-12-23,['Keysers Loes'],International Institute of Social Studies,,
PATRIARCHAL POWER AND WOMEN'S RESISTANCE IN TRINIDAD,"Nicholas, Elizabeth",1990-12-01,['Wieringa S.'],International Institute of Social Studies,,"['TRINIDAD', ""Women's Resistance""]"
"State, Religion & Family: the Turkish Case from a Feminist Perspective","Zwerver, Ans",1990-10-30,"['Chhachhi A.', 'Doornbos M.R.']",International Institute of Social Studies,"This research paper intends to explore the dynamics of interaction between the state, religion and family law and how it affects as well as reinforces the subordination of women. This exploration takes the case of Turkey and will concentrate on the period of initial modernization of Turkey (1923-1934) and the contemporary situation (1980-1985).","['state', 'religion', 'family law', 'women', 'Turkey']"
(her)plaatsing bij de bankgirocentrale; het optimaal benutten van capaciteit,"Doeveren, M. van",1990-08-01,,Erasmus School of Social and Behavioural Sciences,,"['bankwezen', 'hrs', 'herplaatsing', 'personeelsbeheer']"
zelfbeheer; een sturingsmechanisme,"Gurp, T.C.M. van",1990-08-01,,Erasmus School of Social and Behavioural Sciences,,"['zelfbeheer', 'bedrijfsvoering', 'sturingsinstrumenten']"
de kpa keuring; een onderzoek naar het programma voor Kleine Plaatselijke Actititeiten van het min. van Ontwikkelingsamenwerking,"Hoekstra, P.S.",1990-08-01,,Erasmus School of Social and Behavioural Sciences,,"['ontwikkelingssamenwerkin', 'ontwikkelingslanden', 'plaatselijke projecten']"
kanttekeningen bij de uitvoerbaarheid van het mililieubeleidsplan; provincie Zuid-Holland,"Sirre, C.",1990-08-01,,Erasmus School of Social and Behavioural Sciences,,"['zuid holland', 'milieubeleid', 'gemeenten', 'implementatie', 'lokaal bestuur']"
beleidsvrijheid en doelmatigheid,"Bosch, H. van",1990-08-01,,Erasmus School of Social and Behavioural Sciences,,"['beleidsvrijheid', 'doelmatigheid', 'arbeidsinspectie']"
financieel management; op weg naar begrotingsbeheersing,"Schrier, R.",1990-08-01,,Erasmus School of Social and Behavioural Sciences,,"['financieel management', 'begroting', 'rijksgebouwendienst', 'overheidsorganisaties']"
de controller functie bij de rijksoverheid,"Hage, M.A.",1990-08-01,,Erasmus School of Social and Behavioural Sciences,,"['controle', 'openbare financien', 'begroting']"
de effectivteit van energiesubsidies; een beleidstheoretische benadering,"Smits, R.",1990-08-01,,Erasmus School of Social and Behavioural Sciences,,"['subsidie', 'evaluatie onderzoek', 'effectiviteit', 'beleidsonderzoek', 'beleidsinstrumenten']"
de meerjarenbegroting; een bestuurskundig onderzoek naar de rol van de meerjarenbegroting als instrument voor gemeenteraadsleden,"Versteegh, J.T.",1990-08-01,,Erasmus School of Social and Behavioural Sciences,,"['gemeenten', 'comptabiliteitswet', 'beleidsinstrumenten', 'begroting', 'meerjarenraming', 'gemeenteraadsleden']"
liquiditeitsbeleid in het hbo,"Goedhart, S.",1990-08-01,,Erasmus School of Social and Behavioural Sciences,,"['hoger beroepsonderwijs', 'financieel beheer', 'liquiditeit']"
the US and the UN specialized agencies; a case study of the US withdrawal from the International Labor Organization 1977-1980,"Veldkamp, C.",1990-08-01,,Erasmus School of Social and Behavioural Sciences,,"['verenigde naties', 'internationale organisat', 'verenigde staten']"
toezicht: begrip van een begrip; een bestuursrechtelijke en bestuurskundige benadering,"Burger, J.C.",1990-08-01,,Erasmus School of Social and Behavioural Sciences,,"['beleidsinstrumenten', 'sociale zekerheid', 'algemene rekenkamer', 'toezicht']"
"borstvoeding, de zuivelste verwenner; een case-study naar de implementatie van een internationaal gevormd beleid in Nederland","Weezel, C. van",1990-08-01,,Erasmus School of Social and Behavioural Sciences,,"['beleidsproces', 'implementatie', 'evaluatie onderzoek', 'borstvoeding', 'internationaal beleid']"
analyse van de planning van winkelcentra; de stadsvernieuwingsgebieden in Rotterdam,"Lambertus, R.F.",1990-08-01,,Erasmus School of Social and Behavioural Sciences,,"['planning', 'stadsvernieuwing', 'detailhandel']"
detailhandelonderzoek rotterdam-zuid,"Lambertus, R.F.",1990-08-01,,Erasmus School of Social and Behavioural Sciences,,"['planologie', 'ruimtelijke ordening', 'stedelijk beheer']"
rationele besluitvorming in complexe situaties; Met gemengde gevoelens bekeken ?,"Pleijte, M.",1990-08-01,,Erasmus School of Social and Behavioural Sciences,,"['besluitvorming', 'complexe situaties', 'rationaliteit', 'beleidsinstrumenten']"
allocatiemodellen in het hoger onderwijs; verdeel en heers,"Knaap, P. van der",1990-08-01,,Erasmus School of Social and Behavioural Sciences,,"['allocatie', 'hoger onderwijs', 'beleidsinstrumenten', 'financiering']"
samenwerken in het milieubeleid,"Jong, M. de",1990-08-01,,Erasmus School of Social and Behavioural Sciences,,"['milieubeleid', 'samenwerkingsverbanden', 'integratie', 'beleidsvorming']"
de gemeentelijke organisatiestructuur; een informatievoorziening?,"Jansen, J.M.A.W.",1989-08-01,,Erasmus School of Social and Behavioural Sciences,,"['lokaal bestuur', 'reorganisatie', 'informatievoorziening', 'organisatiestructuur']"
elektronisch huisarrest: met open deuren; onderzoek naar de opvattingen over en toepassingsmogelijkheden van een Amerikaanse sanctie,"Roos, E.",1989-08-01,,Erasmus School of Social and Behavioural Sciences,,"['strafvormen', 'besluitvormingsproces', 'elektronisch huisarrest']"
privatisering beschouwd als een organisatie vraagstuk,"Krijgsman, C.",1989-08-01,,Erasmus School of Social and Behavioural Sciences,,"['privatisering', 'publiek private samenwer', 'reorganisatie', 'samenwerkingsverbanden']"
aspecten van mededinging op de geneesmiddelenmarkt,"Jol, O.",1989-08-01,,Erasmus School of Social and Behavioural Sciences,,"['mededinging', 'geneesmiddelenmarkt']"
televisieregionalisatie,"Graaff, C.L.M. de",1989-08-01,,Erasmus School of Social and Behavioural Sciences,,"['mediabeleid', 'kabelexploitatie', 'regionalisatie', 'regiovorming']"
"handhaving van de milieuhygienewetgeving; een zaak van ""praten"" of ""slaan""","Scheefers, C.",1989-08-01,,Erasmus School of Social and Behavioural Sciences,,"['milieu', 'handhaving', 'zuid holland', 'wetgeving']"
over de huidige inconsistentie en onevenwichtigheid; in het externe handelsbeleid van de EG,"Verheijen, T.",1989-08-01,,Erasmus School of Social and Behavioural Sciences,,"['europese gemeenschap', 'handelsbeleid', 'oost europa']"
city marketing in rotterdam; inhoudelijke en bestuurlijke afstemming,"Vermaat, J.T.",1989-08-01,,Erasmus School of Social and Behavioural Sciences,,"['city marketing', 'rotterdam', 'stedelijke vernieuwing']"
zestienhoven; van start tot finish?,"Heemst, H. van
     and 
    
  


Kerkum, A.",1989-08-01,,Erasmus School of Social and Behavioural Sciences,,"['rotterdam', 'luchthavens', 'zestienhoven', 'besluitvormingsproces']"
"Objective Oriented Project Planning in Rural Development Programs:
 A Case Study From The North - Western Province of Zambia","Magura, Thomas Otto Max",1988-10-31,['Moharir V.V.'],International Institute of Social Studies,,
An Exploratory Analysis of Household Income Inequality in Peru (1985/86),"Habich, Midori de",1988-10-15,['Teekens R.'],International Institute of Social Studies,,
de mate van automatisering en de informatiekwaliteit; een bestuurskundig onderzoek in zeven gemeenten,"Katwijk, S.A.J. van
     and 
    
  


Zoutendijk, R.W.",1988-08-01,,Erasmus School of Social and Behavioural Sciences,,"['gemeenten', 'informatievoorziening', 'automatisering']"
ligt privatisering op koers ?;  budgettaire besparingen en het privatiseren van het loodsen van zeeschepen,"Erpers Roijaards, J.F.T. van",1988-08-01,,Erasmus School of Social and Behavioural Sciences,,"['privatisering', 'loodswezen', 'budget']"
Women theologizing: the Kenyan case,,1987-10-30,,International Institute of Social Studies,,
Women theologizing: the Kenyan case,"Mwau, A.",1987-10-30,['Dubel I.'],International Institute of Social Studies,"The preaching and theologizing of ideas of justice, equality, freedom
and grace in the Catholic Institutional Church has been caught up in
systematic behavioural patterns, which have developed around the
concept of women being subordinate. This is clearly seen in the
church's ideology on women and the apparatus used to perpetuate this
ideology.
This research paper will try to analyse the root of women's subordinate
position in the church and how the Bible has been translated
to suit the patriarchal, hierarchal and rigid state of the Catholic
Institutional Church.
Yomen in the church are acknowledged as the backbone and are central
to the upkeep of the church in Africa. But they are always behind
the scenes or left out. Yomen theologizing is a move of women in the
church working to reject all patriarchal crusts, that have denied
women's full participation in the church. Y.I.N.D.O.Y. (Yomen in
National Development of Yomen) a training programme for women leaders
in Kenya, is one example of women trying to theologize.
This paper focusses on the question: to what extent has Y.I.N.D.O.Y.
empowered women to look critically at their situation and take critical
actions?","['women', 'Kenya', 'theology']"
"Peasants, Programmes and Politics: A Study of Rural Institutions in Bangladesh, with Special Focus on the Comilla Experiment","Taher, Muhammad",1986-11-01,['Roosmalen Henk van'],International Institute of Social Studies,,['Bangladesh Comilla Experiment']
Religion and the good society: some options in the construction of a theoretical framework for the study of relations between ideology and religion,"Halldorsson, J.O.",1986-10-31,['Waterman Peter'],International Institute of Social Studies,,
People's participation in planned development in Thailand: A discussion of the role of the Tambon council,"Gajakor, Prasit",1986-10-01,['Doornbos H. R.'],International Institute of Social Studies,"In Thailand, as in many developing countries, development planning officially began in the 1950, and was associated with approaches advocated by those who hold the view of development I from above I (Hansen, 1981 :15-38).
Thus the country has put emphasis on urban and industrial, capital intensive development, the highest avaiable technology and maximum use of external and
scale ecoomies. These can be clearly seen in the Royal Thai Government (RTG)
development strategy outlined in three National Economic and Social Development Plans (1961-1976) which stressed the twin goals of economic growth and national stability. The First and Second Plan placed priority on the expansion of economic and social infrastructure, including transportation, communication, irrigation, education and industry. In a sense, these plans revealed that the RTG put a heavy reliance on the strategy of importsubtitution urban based industrialization (Douglass ,1981 :193).",
A MODEL FOR THE ANALYSIS OF THE EFFECTS OF COFFEE EXPORT EARNINGS INSTABILITY ON SELECTED MACRO-ECONOMIC VARIABLES: THE CASE OF ETHIOPIA,"Befirdu, Yitbarek",1986-03-01,['Alarcon-Rivero J.V.'],International Institute of Social Studies,,"['COFFEE EXPORT', 'ETHIOPIA', 'EARNINGS INSTABILITY']"
Characterization of the contemporary women's liberation movement in Sri Lanka : a research paper,Nelun. Gunasekera,1985-12-20,,International Institute of Social Studies,,
The Structure of the Spot Oil Market and Its Implications For Sudan's Marketing Policy,"Abunura, Elmoiz",1984-12-31,['Nicholas H.'],International Institute of Social Studies,,
"An Economic Study of the Agricultural Productivity
in El Fayom Governorate","Moussa, Shahinaz E.M.",1984-12-14,['Heemst J. van'],International Institute of Social Studies,,"['agricultural productivity', 'economic study', 'El Fayom Governorate']"
Foreign capital and domestic savings : the 1965-80 Latin American experience,Ricardo M. Padilla Casaverde,1983-10-01,['Dr. G.W. Irving'],International Institute of Social Studies,,
Federalization of cooperative banking in Pakistan - its impact on rural cooperatives a case study of Punjab province,"Haroon, Farooq",1982-10-01,['A. Saith'],International Institute of Social Studies,"The paper is divided into three chapters. The first
outlines the history of cooperation in India, later in
Pakistan and its growth until 1976. The second chapter
discusses the. federalization itself. The third chapter
explores the impact of federalization on rural cooperatives
in so Ifar as their source of finance was drastically restructured.
Finally, the coriclusions re-capitulate and
high-light the strength and weaknesses of the four hypotheses
that have been set-up in para. 8. A few words about
the data. There is little published literature on the later
period of c09perative institutions in Pakistan. Some
reliance has therefore to be placed on experience of those
who have work~ closely and directly with these institutions
It has been kept in mind that this reliance should not be
complete but corroborative and explanatory. Reliance should
thus be both cautious and discrete.",
"Evaluating Policy-Making and Implementation in Tanzania: 
the Case of the Urban Housing Policy","Sefue, Ombeni",1981-12-01,['Klinkers L. E.M.'],International Institute of Social Studies,"Using the urban housing policy as a case study, this research forms part of an attempt to evaluate policy making and implementation in the first 20 years of independence. In addition the research is intended to provide a new approach and a new framework for
policy evaluation in Tanzania. The new approach should
be more behavioural than normative, practical rather
than theoretical. The lack of realistic and adequate
criteria in existing models for evaluating policies
in developing countries dictates that policy evaluators
must look elsewhere for meaningful evaluations.
Emphasis must be on the socio- political contexts
rather than on existing normative and prescriptive
models developed in developed countries.","['policy evaluation', 'policy implementation', 'urban housing', 'housing policy', 'Tanzania']"
Inflation in greece: 1967 - 1978,"Artemis, Theodore G.",1981-05-01,['Braun O.'],International Institute of Social Studies,"The period 1967~72 constitutes the second period of rapid economic development of postwar Greece. The first being that of 1960-66. The whole period 1960-72 is characterized not only by the high rates of growth of GDP of the economy but further of monetary stability. Most structural changes had occurred during this period and the public sector's participation had played a
key role in the development process.",
"Industrialisation and the rise of the petty-bourgeoisie
in Trinidad & Tobago","Reddock, Rhoda E.",1980-02-15,['Post K.W.J.'],International Institute of Social Studies,,
Subsistence and Commercial Agricultural And Rural Development Strategies in Zambia,"Mwi1a, S. Chungu",1978-12-31,['Gaay Fortman  de B.'],International Institute of Social Studies,,
